"ID","Description","setSize","enrichmentScore","NES","pvalue","p.adjust","qvalue","rank","leading_edge","core_enrichment","log2err","celltype","direction"
"GO:0034097","response to cytokine",412,-0.389020208939519,-1.93289903866726,1e-10,3.699e-07,2.60434012680636e-07,1465,"tags=34%, list=21%, signal=28%","STAT5A/ANXA4/KLF2/SMIM30/MX1/CD4/BCL2L1/NUB1/JAK1/NR1H2/CCL5/HIPK1/HLA-DPA1/SETD2/CD40/AZI2/GPS2/IRAK3/OTUD4/CCR7/XAF1/PSMB3/MAPK1/TTLL12/DICER1/IFNGR1/MAP2K5/IL27RA/RRAGA/IL18/TRAF3IP3/CASP4/SP100/ADAR/RELA/MNDA/IL10RA/CD47/CTR9/CPNE1/CSF3R/CSF2RA/SORL1/TNFRSF14/ETV3/SPPL2A/IFITM3/ZFAND6/ZFP36L1/ADIPOR2/NFKB2/GCH1/CREB1/PSMD13/KYNU/OASL/IL15/IFIT2/BCL2/MTHFR/RELB/OAS1/CASP1/PIM1/PNPT1/RC3H1/CD300LF/JAK2/OSM/KHSRP/NFE2L2/ZFP36L2/CCL3/CXCL8/PSMD1/MX2/GBP4/PSMA4/ST3GAL6/GBP1/SKIL/HIF1A/NLRC5/PTPN2/PML/IFI16/TUBA1A/IFIT5/PSMD2/PTPRC/CCL3L1/LILRA4/FOXO3/OAS2/DOCK8/ADAM10/OAS3/UGCG/JAK3/CARD16/IL1B/RO60/CIITA/CEBPB/IL4R/YTHDC2/LAPTM5/TNFRSF1A/IFI27/IFITM1/PLSCR1/GPR35/CCR1/MCL1/NFKBIA/ZBP1/VRK2/IRF1/TNFSF13B/IL1RN/WBP1L/PARP9/RIPOR2/MEFV/KLF4/OXSR1/IFIT3/TNFAIP3/TOLLIP/EGR1/CXCR4/NAIP/GBP5/EIF2AK2/FOS/ZFP36/STAT3/NFKBIZ/EREG/DUSP1",NA,"CD1C_DC","HS"
"GO:1901652","response to peptide",417,-0.383150401175531,-1.88580092150296,4.19108299213957e-10,7.75140799396214e-07,5.45750280560239e-07,1465,"tags=34%, list=21%, signal=28%","STAT5A/ANXA4/KLF2/SMIM30/MX1/CD4/BCL2L1/NUB1/JAK1/NR1H2/CCL5/HIPK1/HLA-DPA1/SETD2/CD40/AZI2/GPS2/IRAK3/OTUD4/CCR7/XAF1/PSMB3/MAPK1/TTLL12/DICER1/IFNGR1/MAP2K5/IL27RA/RRAGA/IL18/TRAF3IP3/CASP4/SP100/ADAR/RELA/MNDA/IL10RA/CD47/CTR9/CPNE1/CSF3R/CSF2RA/SORL1/TNFRSF14/ETV3/SPPL2A/IFITM3/ZFAND6/ZFP36L1/ADIPOR2/NFKB2/GCH1/CREB1/PSMD13/KYNU/OASL/IL15/IFIT2/BCL2/MTHFR/RELB/OAS1/CASP1/PIM1/PNPT1/RC3H1/CD300LF/JAK2/OSM/KHSRP/NFE2L2/ZFP36L2/CCL3/CXCL8/PSMD1/MX2/GBP4/PSMA4/ST3GAL6/GBP1/SKIL/HIF1A/NLRC5/PTPN2/PML/IFI16/TUBA1A/IFIT5/PSMD2/PTPRC/CCL3L1/LILRA4/FOXO3/OAS2/DOCK8/ADAM10/OAS3/UGCG/JAK3/CARD16/IL1B/RO60/CIITA/CEBPB/IL4R/YTHDC2/LAPTM5/TNFRSF1A/IFI27/IFITM1/PLSCR1/GPR35/CCR1/MCL1/NFKBIA/ZBP1/VRK2/IRF1/TNFSF13B/IL1RN/WBP1L/PARP9/RIPOR2/MEFV/KLF4/OXSR1/IFIT3/TNFAIP3/TOLLIP/EGR1/CXCR4/NAIP/GBP5/EIF2AK2/FOS/ZFP36/STAT3/NFKBIZ/EREG/DUSP1",0.814035837847908,"CD1C_DC","HS"
"GO:0071345","cellular response to cytokine stimulus",357,-0.380654937032384,-1.86186175078038,1.49670653657309e-08,1.61439438397462e-05,1.13664019320788e-05,1243,"tags=29%, list=18%, signal=25%","AZI2/GPS2/IRAK3/OTUD4/CCR7/PSMB3/MAPK1/TTLL12/DICER1/IFNGR1/IL27RA/RRAGA/IL18/TRAF3IP3/CASP4/SP100/RELA/MNDA/IL10RA/CD47/CTR9/CPNE1/CSF3R/CSF2RA/SORL1/TNFRSF14/ETV3/SPPL2A/IFITM3/ZFAND6/ZFP36L1/ADIPOR2/PSMD13/OASL/IL15/IFIT2/OAS1/CASP1/PIM1/PNPT1/RC3H1/CD300LF/JAK2/OSM/KHSRP/NFE2L2/ZFP36L2/CCL3/CXCL8/PSMD1/GBP4/PSMA4/ST3GAL6/GBP1/HIF1A/NLRC5/PTPN2/IFI16/IFIT5/PSMD2/PTPRC/CCL3L1/LILRA4/FOXO3/OAS2/DOCK8/ADAM10/OAS3/UGCG/JAK3/CARD16/IL1B/RO60/CIITA/CEBPB/IL4R/LAPTM5/TNFRSF1A/IFI27/IFITM1/GPR35/CCR1/NFKBIA/ZBP1/VRK2/IRF1/TNFSF13B/IL1RN/WBP1L/PARP9/RIPOR2/OXSR1/IFIT3/TNFAIP3/TOLLIP/EGR1/CXCR4/NAIP/GBP5/FOS/ZFP36/STAT3/NFKBIZ/EREG/DUSP1",0.73376198835648,"CD1C_DC","HS"
"GO:0019221","cytokine-mediated signaling pathway",233,-0.419260789924825,-1.93705643689298,1.74576305377088e-08,1.61439438397462e-05,1.13664019320788e-05,1702,"tags=40%, list=25%, signal=31%","ISG15/YTHDF3/YTHDF2/IL6R/IRF3/AXL/PTPN1/CCR5/RBM47/SOCS3/IRAK4/STAT5A/ANXA4/SMIM30/MX1/CD4/JAK1/NR1H2/CCL5/HIPK1/CD40/AZI2/GPS2/IRAK3/OTUD4/CCR7/MAPK1/TTLL12/DICER1/IFNGR1/IL27RA/RRAGA/IL18/CASP4/SP100/RELA/IL10RA/CTR9/CPNE1/CSF3R/CSF2RA/SORL1/TNFRSF14/SPPL2A/IFITM3/ADIPOR2/OASL/IL15/OAS1/CASP1/CD300LF/JAK2/OSM/CCL3/HIF1A/NLRC5/PTPN2/PTPRC/CCL3L1/LILRA4/FOXO3/OAS2/ADAM10/OAS3/UGCG/JAK3/CARD16/IL1B/CIITA/IL4R/LAPTM5/TNFRSF1A/IFI27/IFITM1/GPR35/CCR1/NFKBIA/ZBP1/VRK2/IRF1/TNFSF13B/IL1RN/WBP1L/PARP9/OXSR1/TNFAIP3/TOLLIP/EGR1/CXCR4/NAIP/STAT3/NFKBIZ/EREG",0.73376198835648,"CD1C_DC","HS"
"GO:0034097","response to cytokine",471,-0.328975708527441,-1.7013369447732,1.16257580575426e-07,3.64065085017354e-05,2.63878089277363e-05,1820,"tags=29%, list=21%, signal=25%","RC3H1/IFNGR1/IKBKE/PTPN1/NSMAF/YTHDF3/RNF113A/IFNAR2/GBP3/IL1RN/PSMC2/CALM1/APPL1/CD38/GPR35/PSMC5/SIN3A/PSMA1/SP100/NFKB2/IL18/PSME1/ETV3/CCL4/YBX3/RIPK1/PDE12/RBMX/GAPDH/RIPOR1/TANK/STAT4/TRAF1/IL12RB1/IL10RA/JAK2/PTPRC/CCR2/RO60/CISH/IFNG/HDAC4/RELB/TIFA/IRAK3/PIM1/NFE2L2/PSMB7/TNFRSF1B/RFFL/IFIH1/LIMS1/PSMC4/CSF2RB/CFL1/CX3CR1/TTLL12/USP10/CALCOCO2/GCH1/ANXA4/GIGYF2/DDOST/CD40/STAT1/NFKBIZ/CYLD/VRK2/CASP8/PSMA4/SAMHD1/OSM/BCL2L1/GBP1/KYNU/KLF2/TAX1BP1/BCL2/ABCA1/UGCG/SH2B3/PSMD1/GBP5/METTL3/CXCR4/BIRC3/TPR/MCL1/TRADD/PSMD12/IFI27/CD74/SOCS3/PLSCR1/SOCS1/FADD/CREB1/CCR1/MAP2K5/ZFP36L2/REL/EGR1/ADRM1/SOS1/STAT3/IRF1/IFIT5/KLF4/PTPN2/TNFRSF4/PARP9/FAS/NUB1/CXCL10/XBP1/TBK1/ERBIN/EIF5A/TAF9/IL10RB/ITGA4/GBP4/CXCL8/ZFP36/IL15/IL1B/FOS/PNPT1/HLA-DPA1/ADIPOR2/NAIP/CCL3L1/IL1R2/NFKBIA/TNFAIP3/CCL3/DUSP1/PADI2",0.704975715167238,"CD14_CD163_macrophage","HS"
"GO:0031347","regulation of defense response",423,-0.358220553598145,-1.76979045578479,7.3688714457091e-08,4.54290924627966e-05,3.19850793255631e-05,1237,"tags=29%, list=18%, signal=25%","GPS2/IRAK3/SLC15A3/HMGB2/SLC15A4/BRCC3/TRIM22/OTUD4/CCR7/PAK1/MAPK1/NOD2/TTLL12/VAMP8/NPLOC4/NR4A3/ALOX5/EMILIN2/CSNK1A1/HLA-A/IL18/TRAF3IP3/CASP4/NLRC4/ZC3HAV1/RELA/MNDA/LYPLAL1/MEF2C/IL10RA/CD47/PDPK1/HLA-B/CD300A/BCL6/TRIM5/NINJ1/HEXIM1/OASL/IL15/USP15/PRKAR1A/ILRUN/PRKCD/LDLR/OAS1/PUM2/CASP1/PIM1/PJA2/HAVCR2/FCGR2B/CD300LF/JAK2/NAGK/OSM/C15orf39/NFE2L2/RNF125/CCL3/HLA-C/SLC46A2/PTGER4/MAP3K8/NR1D2/GBP1/RIPK2/NLRC5/PTPN2/PML/IFI16/PTPRC/DDX3X/LILRA4/FUT7/TLR8/OAS3/CTSS/RNF135/IL1B/GRN/CEBPB/PSPC1/CUL1/SMAD3/CLEC7A/DHX58/AOAH/TNFRSF1A/CD1D/PLSCR1/NEAT1/WDFY1/CCR1/BCL10/NFKBIA/ZBP1/CD300C/IRF1/TLR5/IL1RN/PARP9/ZNFX1/MEFV/CD300E/KLF4/DTX3L/DDX60/TNFAIP3/HLA-E/PTGS2/NAIP/GBP5/EIF2AK2/RSAD2/CD69/STAT3/HERC5/CLEC12A/NFKBIZ/EREG",0.704975715167238,"CD1C_DC","HS"
"GO:0031349","positive regulation of defense response",282,-0.393185738140757,-1.87774194446957,7.22266683978642e-08,4.54290924627966e-05,3.19850793255631e-05,1237,"tags=32%, list=18%, signal=27%","GPS2/IRAK3/SLC15A3/HMGB2/SLC15A4/BRCC3/OTUD4/CCR7/PAK1/MAPK1/NOD2/VAMP8/NPLOC4/EMILIN2/CSNK1A1/IL18/TRAF3IP3/CASP4/NLRC4/ZC3HAV1/RELA/MNDA/LYPLAL1/MEF2C/CD47/PDPK1/CD300A/TRIM5/NINJ1/HEXIM1/OASL/IL15/USP15/LDLR/OAS1/PUM2/CASP1/PJA2/HAVCR2/CD300LF/NAGK/OSM/RNF125/CCL3/HLA-C/SLC46A2/PTGER4/MAP3K8/GBP1/RIPK2/NLRC5/IFI16/DDX3X/LILRA4/TLR8/OAS3/CTSS/RNF135/IL1B/GRN/CEBPB/PSPC1/CLEC7A/DHX58/TNFRSF1A/CD1D/PLSCR1/NEAT1/WDFY1/CCR1/BCL10/NFKBIA/ZBP1/IRF1/TLR5/PARP9/ZNFX1/MEFV/DDX60/TNFAIP3/HLA-E/PTGS2/NAIP/GBP5/EIF2AK2/RSAD2/STAT3/NFKBIZ/EREG",0.704975715167238,"CD1C_DC","HS"
"GO:0032101","regulation of response to external stimulus",495,-0.339337335712408,-1.70512304786951,1.05660766755415e-07,4.88548970285351e-05,3.43970718362819e-05,1237,"tags=27%, list=18%, signal=24%","GPS2/IRAK3/SLC15A3/HMGB2/SLC15A4/BRCC3/TRIM22/OTUD4/CCR7/PAK1/MAPK1/NOD2/TTLL12/VAMP8/NPLOC4/NR4A3/ALOX5/EMILIN2/CSNK1A1/HLA-A/IL18/TRAF3IP3/CASP4/NLRC4/ZC3HAV1/RELA/MNDA/LYPLAL1/IL10RA/CD47/C3AR1/PDPK1/HLA-B/CD300A/BCL6/USF1/TRIM5/NINJ1/HEXIM1/GPR183/ST3GAL4/OASL/IL15/USP15/PRKAR1A/TRIB1/ILRUN/DNM1L/PRKCD/LDLR/OAS1/PUM2/CASP1/PIM1/PJA2/HAVCR2/FCGR2B/CD300LF/AKIRIN1/JAK2/NAGK/OSM/C15orf39/NFE2L2/RNF125/CCL3/HLA-C/CXCL8/SLC46A2/PTGER4/MAP3K8/NR1D2/GBP1/RIPK2/NLRC5/PTPN2/PML/IFI16/PTPRC/DDX3X/LILRA4/FUT7/TLR8/ADAM10/OAS3/CTSS/RNF135/CARD16/IL1B/GRN/CEBPB/PSPC1/CUL1/SMAD3/CLEC7A/DHX58/SLC8B1/AOAH/TNFRSF1A/CD1D/PLSCR1/NEAT1/WDFY1/CCR1/BCL10/NFKBIA/ZBP1/CD300C/IRF1/TLR5/IL1RN/PARP9/RIPOR2/ZNFX1/MEFV/CD300E/KLF4/OXSR1/DTX3L/DDX60/TNFAIP3/HLA-E/PTGS2/PLAUR/NAIP/GBP5/EIF2AK2/RSAD2/CD69/STAT3/CD55/HERC5/CLEC12A/NFKBIZ/EREG/DUSP1",0.704975715167238,"CD1C_DC","HS"
"GO:0006954","inflammatory response",359,-0.367076704980821,-1.79931239216249,9.58921299342969e-08,4.88548970285351e-05,3.43970718362819e-05,1237,"tags=29%, list=18%, signal=25%","GPS2/HMGB2/BRCC3/CCR7/MAPK1/KDM6B/NOD2/IFNGR1/VAMP8/HDAC9/NR4A3/ALOX5/ADGRE2/SERPINA1/AIMP1/CSNK1A1/IL18/NFX1/CASP4/NLRC4/RELA/ABCF1/IL10RA/CD47/C3AR1/ACER3/ITGAL/BCL6/NINJ1/CD68/IL15/PRKAR1A/BLNK/APIP/PRKCD/LDLR/RELB/CASP1/CERS6/PJA2/HAVCR2/FCGR2B/JAK2/FCGR1A/OSM/C15orf39/CCL3/TXNIP/CXCL8/PTGER4/MAP3K8/NR1D2/GBP1/HIF1A/RIPK2/PTPN2/IFI16/CD163/PTPRC/CCL3L1/DDX3X/FUT7/TLR8/FCGR2A/IL1B/GRN/CEBPB/IL4R/NR3C1/CUL1/ZEB2/NR4A1/SMAD3/CLEC7A/AOAH/TNFRSF1A/IFI27/PER1/PLSCR1/NEAT1/CCR1/NFKBIA/ZBP1/TRIM14/TLR5/IL1RN/MEFV/KLF4/TNFAIP3/TOLLIP/HLA-E/CXCR4/PTGS2/NAIP/GBP5/EIF2AK2/FOS/ZFP36/CD69/STAT3/CLEC12A/NFKBIZ/NAMPT",0.704975715167238,"CD1C_DC","HS"
"GO:0006954","inflammatory response",416,-0.341588341293163,-1.75521625884112,1.91977669282998e-07,5.58243636893632e-05,4.04620685468138e-05,2184,"tags=33%, list=25%, signal=26%","MAPK13/LPCAT3/ARNT/NFX1/NR1D2/CCL2/IL18RAP/IFI16/EIF2AK2/TMSB4X/NFAM1/CD47/RPS6KA5/CLU/HAVCR2/RBX1/F2R/FCGR3A/TXNIP/VPS35/MAP3K20/ZBP1/TLR7/CASP4/LIAS/IFNGR1/PIK3AP1/GBP3/IL1RN/APPL1/RB1/PSMA1/IL18/PJA2/CCL4/HMGB1/RIPK1/TLR5/PPARD/TRAF1/TNIP1/IL10RA/SMAD3/JAK2/PTPRC/CCR2/FUT7/ITCH/SLC39A8/IFNG/DDX3X/HDAC4/CXCL2/ITGB1/RELB/PRDX5/TNFRSF1B/ABCC1/CHID1/AOAH/ADGRE2/GRN/CX3CR1/LRRK2/AIMP1/MFHAS1/PARK7/CD40/NFKBIZ/USP14/CYLD/PRKAR1A/TLR1/CASP8/VAMP7/MKRN2/OSM/RIPK2/CD68/GBP1/CD163/CSNK1A1/PLA2G7/GBP5/HLA-E/PLCG2/HNRNPA0/NMI/CLOCK/TFRC/CXCR4/BIRC3/FAM76B/TRADD/TLR6/IFI27/PLSCR1/FFAR2/CCR1/HLA-DRB1/REL/PLD3/C3AR1/STAT3/HMOX1/KLF4/PTPN2/TNFRSF4/CLEC7A/ZEB2/FCGR1A/NEAT1/CXCL10/XBP1/TBK1/PER1/IL10RB/KLRG1/ABCD2/APOL2/CXCL8/ZFP36/PTPN22/IL15/IL1B/NLRP3/FOS/NAIP/NR4A1/CD69/RORA/CCL3L1/IL1R2/CLEC12A/NFKBIA/TNFAIP3/CCL3/NAMPT",0.690132458796796,"CD14_CD163_macrophage","HS"
"GO:0001816","cytokine production",381,-0.357450982386967,-1.74938693040678,1.52806091721245e-07,6.28033036974317e-05,4.42176706988991e-05,1303,"tags=29%, list=19%, signal=25%","FCN1/HLA-DPA1/BTN2A1/MORC3/SETD2/IRAK3/HMGB2/CCR7/XAF1/PSMB3/NOD2/DICER1/IFNGR1/CLEC4A/HDAC9/MAP2K5/NPLOC4/IL27RA/NR4A3/ALOX5/ATF4/HLA-A/IL18/TRAF3IP3/NLRC4/ZC3HAV1/RELA/ZBTB1/CD47/C3AR1/HLA-B/SORL1/TNFRSF14/SRGN/BCL6/GPR65/PNP/CREB1/IL15/ZNF131/ILRUN/CD2/RELB/OAS1/CASP1/IRF4/HAVCR2/FCGR2B/JAK2/FCGR1A/POU2F2/OSM/RNF125/CCL3/CXCL8/PSMA4/PTGER4/VSIR/GBP1/HIF1A/RIPK2/PLAGL1/PML/IFI16/PTPRC/DDX3X/MALT1/LILRA4/TLR8/OAS2/ADAM10/OAS3/RNF135/JAK3/FCGR2A/CARD16/IL1B/PRNP/CEBPB/FOSL2/IL4R/PDE4B/LAPTM5/SMAD3/CLEC7A/LITAF/DHX58/PER1/BCL3/BCL10/NFKBIA/LTBR/IRF1/DDIT3/TLR5/MEFV/KLF4/TNFAIP3/EGR1/HLA-E/PTGS2/JUN/NAIP/GBP5/EIF2AK2/RSAD2/ZFP36/STAT3/CD55/CLEC12A/EREG",0.690132458796796,"CD1C_DC","HS"
"GO:1901652","response to peptide",475,-0.328742430258359,-1.6846482990126,3.16371503360768e-07,8.58632260121123e-05,6.22345425356749e-05,1820,"tags=29%, list=21%, signal=25%","RC3H1/IFNGR1/IKBKE/PTPN1/NSMAF/YTHDF3/RNF113A/IFNAR2/GBP3/IL1RN/PSMC2/CALM1/APPL1/CD38/GPR35/PSMC5/SIN3A/PSMA1/SP100/NFKB2/IL18/PSME1/ETV3/CCL4/YBX3/RIPK1/PDE12/RBMX/GAPDH/RIPOR1/TANK/STAT4/TRAF1/IL12RB1/IL10RA/JAK2/PTPRC/CCR2/RO60/CISH/IFNG/HDAC4/RELB/TIFA/IRAK3/PIM1/NFE2L2/PSMB7/TNFRSF1B/RFFL/IFIH1/LIMS1/PSMC4/CSF2RB/CFL1/CX3CR1/TTLL12/USP10/CALCOCO2/GCH1/ANXA4/GIGYF2/DDOST/CD40/STAT1/NFKBIZ/CYLD/VRK2/CASP8/PSMA4/SAMHD1/OSM/BCL2L1/GBP1/KYNU/KLF2/TAX1BP1/BCL2/ABCA1/UGCG/SH2B3/PSMD1/CALR/GBP5/METTL3/CXCR4/BIRC3/TPR/MCL1/TRADD/PSMD12/IFI27/CD74/SOCS3/PLSCR1/SOCS1/FADD/CREB1/CCR1/MAP2K5/ZFP36L2/REL/EGR1/ADRM1/SOS1/STAT3/IRF1/IFIT5/KLF4/PTPN2/TNFRSF4/PARP9/FAS/NUB1/CXCL10/XBP1/TBK1/ERBIN/EIF5A/TAF9/IL10RB/ITGA4/GBP4/CXCL8/ZFP36/IL15/IL1B/FOS/PNPT1/HLA-DPA1/ADIPOR2/NAIP/CCL3L1/IL1R2/NFKBIA/TNFAIP3/CCL3/DUSP1/PADI2",0.674962860011025,"CD14_CD163_macrophage","HS"
"GO:0019221","cytokine-mediated signaling pathway",230,-0.362345692222393,-1.7775270409994,1.48621205336483e-06,0.000237344840315813,0.000215638979096819,2085,"tags=38%, list=25%, signal=30%","OASL/UGCG/FADD/IL23A/IL2RG/HCLS1/TRAF6/COMMD7/TRIM41/NSMAF/NR1H2/JAK1/ISG15/CDC37/ACTN4/HDAC4/YTHDF2/EIF5A/TBK1/TNFRSF4/AGPAT2/BIRC2/FCER1G/SH2B3/PTPRJ/SOS1/STAT2/CD74/USP18/PTPN1/MKKS/SP100/IL4R/RPS6KA5/TRAF3/PTPN11/RAF1/SHARPIN/KRAS/WBP1L/TP53/SOCS2/CASP4/OXSR1/IL12RB1/ILK/ADIPOR1/GPR25/VRK2/LIMS1/SOCS1/UBE2K/IL10RA/TNFRSF1B/TMSB4X/TRAF1/STAT3/NLRC5/TANK/PLP2/FAS/TTLL12/YTHDF3/CASP1/SIN3A/CXCR3/JAK2/NFKB1/NFKBIA/CHUK/IL18R1/ZBP1/BIRC3/CCL5/SOCS4/CASP8/TOLLIP/IKBKB/CXCR4/TRADD/CISH/EDA/IFI27/TNFSF13B/SOCS3/OSM/NFKBIZ/TNFAIP3",0.643551836150722,"IFN_activated_DC","HS"
"GO:0001816","cytokine production",448,-0.323000566668809,-1.6559845928099,1.05127224020939e-06,0.000267483080618277,0.000193874466770714,2200,"tags=33%, list=25%, signal=26%","MUL1/ARRB1/MAPK13/PSMA2/ARNT/PSMA5/MORC3/IL18RAP/IFI16/EIF2AK2/TRAF6/ZC3HAV1/SULF2/NFAM1/CD47/RPS6KA5/LAMTOR5/CLU/ZBTB17/PSMB10/HAVCR2/RBX1/F2R/RUNX1/FCGR3A/PIBF1/ZNF683/TLR7/IFNGR1/IKBKE/APPL1/UBA5/PSMA1/RAB1A/IL18/CARD11/BCL3/BTN3A1/HMGB1/BSG/RIPK1/TLR5/FOSL2/GAPDH/TANK/IL12RB1/SMAD3/JAK2/PTPRC/CCR2/PRNP/TSPO/BCL10/ITCH/IFNG/DDX3X/TIGIT/ZBTB45/CD86/RELB/IRAK3/ZBTB20/PPHLN1/KLHL22/HLA-B/CD55/TNFRSF1B/CHID1/IFIH1/CX3CR1/LRRK2/ANXA4/PARK7/STAT1/ARFGEF2/CYLD/TLR1/ATF4/CASP8/PSMA4/RNF135/ILRUN/OSM/RIPK2/GBP1/KLF2/BTN2A1/GBP5/PDE4B/HLA-E/ZBTB1/PLCG2/LTBR/IL32/MYB/TRADD/PLAGL1/TLR6/GPATCH3/PPM1B/CD74/FFAR2/FADD/CREB1/AKAP8/MAP2K5/HLA-DRB1/ZBTB25/HLA-A/REL/EGR1/C3AR1/STAT3/HMOX1/ATG5/GPR174/IRF1/KLF4/LITAF/CLEC7A/FCN1/AKIRIN2/FCGR1A/MALT1/SLAMF6/XBP1/TBK1/PER1/ERBIN/G3BP1/ABCD2/CXCL8/ZFP36/PTPN22/TRIB2/IL15/IL1B/NLRP3/HLA-DPA1/NAIP/RORA/JUN/IL1R2/CLEC12A/NFKBIA/HLA-DPB1/TNFAIP3/CCL3",0.643551836150722,"CD14_CD163_macrophage","HS"
"GO:0050727","regulation of inflammatory response",156,-0.406143977033966,-1.90651411486374,1.90265747803132e-06,0.000287038660891027,0.000260788158333245,1053,"tags=29%, list=13%, signal=26%","CASP4/HLA-DRB1/CST7/GBP1/SLC39A8/RB1/CALHM2/IL10RA/TNFRSF1B/TMSB4X/TRAF1/STAT3/ARNT/CASP1/SYT11/PRKAR1A/SELENOS/JAK2/NFKB1/PRKAR2A/NFKBIA/TNIP1/IL18R1/RHBDF2/PDCD4/GBP5/PSMA6/ZBP1/RBX1/BIRC3/CCL5/RORA/AHR/NKG7/ZDHHC5/TRADD/GZMK/LGALS1/OSM/CD69/NFKBIZ/CD47/NEAT1/FUT7/TNFAIP3",0.643551836150722,"IFN_activated_DC","HS"
"GO:0001817","regulation of cytokine production",379,-0.350752943229374,-1.71859938748743,8.13155011576529e-07,0.000300786038782158,0.000211773222596245,1303,"tags=29%, list=19%, signal=25%","FCN1/HLA-DPA1/BTN2A1/MORC3/SETD2/IRAK3/HMGB2/CCR7/XAF1/PSMB3/NOD2/DICER1/IFNGR1/CLEC4A/HDAC9/MAP2K5/NPLOC4/IL27RA/NR4A3/ALOX5/ATF4/HLA-A/IL18/TRAF3IP3/NLRC4/ZC3HAV1/RELA/ZBTB1/CD47/C3AR1/HLA-B/SORL1/TNFRSF14/SRGN/BCL6/GPR65/PNP/CREB1/IL15/ZNF131/ILRUN/CD2/RELB/OAS1/CASP1/IRF4/HAVCR2/FCGR2B/JAK2/FCGR1A/POU2F2/OSM/RNF125/CCL3/CXCL8/PSMA4/PTGER4/VSIR/GBP1/HIF1A/RIPK2/PLAGL1/PML/IFI16/PTPRC/DDX3X/MALT1/LILRA4/TLR8/OAS2/ADAM10/OAS3/RNF135/JAK3/FCGR2A/CARD16/IL1B/PRNP/CEBPB/IL4R/PDE4B/LAPTM5/SMAD3/CLEC7A/LITAF/DHX58/PER1/BCL3/BCL10/NFKBIA/LTBR/IRF1/DDIT3/TLR5/MEFV/KLF4/TNFAIP3/EGR1/HLA-E/PTGS2/NAIP/GBP5/EIF2AK2/RSAD2/ZFP36/STAT3/CD55/CLEC12A/EREG",0.659444398037935,"CD1C_DC","HS"
"GO:0032103","positive regulation of response to external stimulus",329,-0.358009411565092,-1.73092686728928,1.14612899237484e-06,0.000385411922072229,0.000271355429576176,1569,"tags=35%, list=23%, signal=28%","ADCY7/ANKRD17/NKG7/RBM47/LY86/IRAK4/KAT5/CPT1A/PRKCA/NLRP3/ZDHHC5/BMPR2/CD4/LAMP2/ZDHHC3/RASGRP4/CCL5/FCN1/GPS2/IRAK3/SLC15A3/HMGB2/SLC15A4/BRCC3/OTUD4/CCR7/PAK1/MAPK1/NOD2/VAMP8/NPLOC4/EMILIN2/CSNK1A1/IL18/TRAF3IP3/CASP4/NLRC4/ZC3HAV1/RELA/MNDA/LYPLAL1/CD47/C3AR1/PDPK1/CD300A/USF1/TRIM5/NINJ1/HEXIM1/OASL/IL15/USP15/DNM1L/LDLR/OAS1/PUM2/CASP1/PJA2/HAVCR2/CD300LF/AKIRIN1/NAGK/OSM/RNF125/CCL3/HLA-C/CXCL8/SLC46A2/PTGER4/MAP3K8/GBP1/RIPK2/NLRC5/IFI16/DDX3X/LILRA4/TLR8/ADAM10/OAS3/CTSS/RNF135/IL1B/GRN/CEBPB/PSPC1/SMAD3/CLEC7A/DHX58/TNFRSF1A/CD1D/PLSCR1/NEAT1/WDFY1/CCR1/BCL10/NFKBIA/ZBP1/IRF1/TLR5/PARP9/RIPOR2/ZNFX1/MEFV/OXSR1/DDX60/TNFAIP3/HLA-E/PTGS2/NAIP/GBP5/EIF2AK2/RSAD2/STAT3/NFKBIZ/EREG",0.643551836150722,"CD1C_DC","HS"
"GO:0034341","response to type II interferon",63,-0.53682817966684,-2.18746125642022,2.90696119655922e-06,0.000392232121450026,0.000356361377504224,1926,"tags=48%, list=23%, signal=37%","PSMA1/NR1H2/JAK1/NUB1/CDC37/PDE12/PSMB3/CD74/PSMB9/SP100/RAF1/PSMA2/TP53/IL12RB1/GBP1/PSMB2/SEC61A1/PSMA3/CALM1/NLRC5/CASP1/JAK2/HLA-DPA1/GBP5/PSMA6/CCL5/GBP4/GCH1/CD47/PIM1",0.627256739718528,"IFN_activated_DC","HS"
"GO:0007249","canonical NF-kappaB signal transduction",210,-0.368585568936975,-1.81881568393207,3.42085616850753e-06,0.000445654986366256,0.000404898569362427,1850,"tags=35%, list=22%, signal=28%","TRIM22/TMEM101/RBCK1/SQSTM1/RIPK2/BCL3/TBK1/SLCO3A1/BIRC2/LITAF/USP10/TAB2/CD74/TRIM25/PIDD1/FAF1/PER1/TRAF3/SHARPIN/ATP2C1/ERC1/REL/ILK/VAPA/SLC39A8/LIMS1/NAMPT/TMSB4X/TRAF1/RHOA/STAT3/NLRC5/PRDX4/PINK1/TANK/RHOH/CASP10/ZDHHC13/GOLT1B/CASP1/SIVA1/UBE2N/HUWE1/NFKB1/LTB/ITCH/PELI2/NFKBIA/OPTN/CHUK/TNIP1/ZC3H12A/NFAT5/FLNA/ZC3HAV1/ZDHHC17/PSMA6/PELI1/APOL3/RBX1/BIRC3/FBXO7/PIM2/CFLAR/CASP8/S100A4/RORA/RELB/IKBKB/TRADD/MTDH/EDA/LGALS1/TNFAIP3",0.627256739718528,"IFN_activated_DC","HS"
"GO:0034097","response to cytokine",405,-0.307303514871324,-1.62869043938497,4.35666264821572e-06,0.000530950693063193,0.000482393740898472,2045,"tags=34%, list=24%, signal=27%","FADD/IL23A/IL2RG/HCLS1/TRAF6/COMMD7/TRIM41/PSMA1/DDOST/NSMAF/NR1H2/JAK1/NUB1/ISG15/PYHIN1/CDC37/ACTN4/ARHGEF2/PDE12/SEM1/HDAC4/YTHDF2/PSMD1/EIF5A/TBK1/TNFRSF4/AGPAT2/PSMC5/TAF9/BIRC2/FCER1G/PSMB3/USP10/SH2B3/ITGA4/PTPRJ/SOS1/STAT2/CD74/USP18/PTPN1/ZFP36/PSMB9/MKKS/SP100/IL4R/SELPLG/YBX3/RPS6KA5/MAPKAPK3/TRAF3/PTPN11/RAF1/SHARPIN/KRAS/PSMA2/ETV3/REL/WBP1L/TP53/SOCS2/PSMB7/CASP4/OXSR1/IL12RB1/ILK/ADIPOR1/GPR25/GBP1/SMPD4/PSMB2/VRK2/LIMS1/ABCA1/SOCS1/UBE2K/SEC61A1/PSMA3/CALM1/IL10RA/TNFRSF1B/TMSB4X/TRAF1/RHOA/CD38/STAT3/NLRC5/TANK/PLP2/FAS/TTLL12/YTHDF3/CASP1/SIN3A/LAMP3/PSMD12/IFIH1/CXCR3/JAK2/HLA-DPA1/NFKB1/TIMP1/NFKBIA/XBP1/CHUK/ZC3H12A/IL18R1/NFAT5/GBP5/PSMA6/ZBP1/BIRC3/CCL5/GBP4/SOCS4/TUBA1A/CASP8/TOLLIP/RELB/IKBKB/CXCR4/TRADD/CISH/EDA/GCH1/BCL2/IFI27/RIPOR2/TNFSF13B/SOCS3/OSM/NFKBIZ/CD47/FOS/PIM1/DUSP1/TNFAIP3",0.610526878385931,"IFN_activated_DC","HS"
"GO:0006954","inflammatory response",304,-0.335117521857264,-1.7027872517413,4.84367677390143e-06,0.000571856589118738,0.00051955867632627,1053,"tags=23%, list=13%, signal=21%","CASP4/HLA-DRB1/CST7/GBP1/SLC39A8/GZMB/RB1/CALHM2/NAMPT/IL10RA/TNFRSF1B/TMSB4X/TRAF1/PSTPIP1/STAT3/ARNT/ITGB1/CASP1/MTOR/SYT11/PPP2CA/PRKAR1A/SELENOS/PJA2/CXCR3/JAK2/NFKB1/PRKAR2A/ITCH/NFKBIA/XBP1/CHUK/TNIP1/ZC3H12A/IL18R1/RHBDF2/PDCD4/ABCD2/GBP5/PSMA6/APOL3/ZBP1/RBX1/TRIM11/BIRC3/CCL5/CASP8/RORA/AHR/NKG7/TOLLIP/ZDHHC5/RELB/IKBKB/CXCR4/TRADD/GZMK/IFI27/LGALS1/OSM/CD69/NFKBIZ/CD47/NEAT1/FUT7/FOS/PTGER2/TNFAIP3/GZMA",0.610526878385931,"IFN_activated_DC","HS"
"GO:0001817","regulation of cytokine production",445,-0.318642373764386,-1.63820381117976,2.66993258150703e-06,0.000603849752184174,0.000437676463287804,2200,"tags=33%, list=25%, signal=26%","MUL1/ARRB1/MAPK13/PSMA2/ARNT/PSMA5/MORC3/IL18RAP/IFI16/EIF2AK2/TRAF6/ZC3HAV1/SULF2/NFAM1/CD47/RPS6KA5/LAMTOR5/CLU/ZBTB17/PSMB10/HAVCR2/RBX1/F2R/RUNX1/FCGR3A/PIBF1/ZNF683/TLR7/IFNGR1/IKBKE/APPL1/UBA5/PSMA1/RAB1A/IL18/CARD11/BCL3/BTN3A1/HMGB1/BSG/RIPK1/TLR5/GAPDH/TANK/IL12RB1/SMAD3/JAK2/PTPRC/CCR2/PRNP/TSPO/BCL10/ITCH/IFNG/DDX3X/TIGIT/ZBTB45/CD86/RELB/IRAK3/ZBTB20/PPHLN1/KLHL22/HLA-B/CD55/TNFRSF1B/CHID1/IFIH1/CX3CR1/LRRK2/ANXA4/PARK7/STAT1/ARFGEF2/CYLD/TLR1/ATF4/CASP8/PSMA4/RNF135/ILRUN/OSM/RIPK2/GBP1/KLF2/BTN2A1/GBP5/PDE4B/HLA-E/ZBTB1/PLCG2/LTBR/IL32/MYB/TRADD/PLAGL1/TLR6/GPATCH3/PPM1B/CD74/FFAR2/FADD/CREB1/AKAP8/MAP2K5/HLA-DRB1/ZBTB25/HLA-A/REL/EGR1/C3AR1/STAT3/HMOX1/ATG5/GPR174/IRF1/KLF4/LITAF/CLEC7A/FCN1/AKIRIN2/FCGR1A/MALT1/SLAMF6/XBP1/TBK1/PER1/ERBIN/G3BP1/ABCD2/CXCL8/ZFP36/PTPN22/TRIB2/IL15/IL1B/NLRP3/HLA-DPA1/NAIP/RORA/IL1R2/CLEC12A/NFKBIA/HLA-DPB1/TNFAIP3/CCL3",0.627256739718528,"CD14_CD163_macrophage","HS"
"GO:0048872","homeostasis of number of cells",142,-0.431938959743741,-1.9381128306222,1.81388665471889e-06,0.000684558270776796,0.00062314954391196,1262,"tags=28%, list=15%, signal=24%","FADD/SLC1A5/PSMA2/UFL1/KLF13/LYAR/PSMA3/MFHAS1/CD74/STAT5B/PTBP3/GLUL/MYB/PDE4B/PSMB3/CDK6/PSMA4/KAT7/SIVA1/STAT3/LGALS2/HEATR3/SIT1/TSC22D3/TUBA1A/DMTN/NFKBIZ/AHSP/ZFP36/SPI1/TNFSF13B/HSPA1A/HBM/TNFAIP3/HBA1/TRIM58/HBA2/HBB/HBD/ALAS2",0.643551836150722,"T_cells_unresolved","HS"
"GO:0042744","hydrogen peroxide catabolic process",12,-0.841968251901036,-2.21315010819512,1.95182503331901e-06,0.000684558270776796,0.00062314954391196,129,"tags=42%, list=2%, signal=41%","PRDX6/SNCA/HBA1/HBA2/HBB",0.627256739718528,"T_cells_unresolved","HS"
"GO:1990868","response to chemokine",31,-0.676981747112224,-2.2382223265854,2.53082057996427e-06,0.000720115794252912,0.000507009045396024,511,"tags=39%, list=7%, signal=36%","JAK2/CCL3/HIF1A/CCL3L1/DOCK8/GPR35/CCR1/WBP1L/RIPOR2/OXSR1/CXCR4/DUSP1",0.627256739718528,"CD1C_DC","HS"
"GO:1990869","cellular response to chemokine",31,-0.676981747112224,-2.2382223265854,2.53082057996427e-06,0.000720115794252912,0.000507009045396024,511,"tags=39%, list=7%, signal=36%","JAK2/CCL3/HIF1A/CCL3L1/DOCK8/GPR35/CCR1/WBP1L/RIPOR2/OXSR1/CXCR4/DUSP1",0.627256739718528,"CD1C_DC","HS"
"GO:0070269","pyroptotic inflammatory response",26,-0.682412243669122,-2.22099550560032,6.53656604660032e-06,0.000726327838942824,0.000659903090671039,1053,"tags=42%, list=13%, signal=37%","CASP4/GBP1/GZMB/TRAF1/CASP1/GBP5/ZBP1/CASP8/ZDHHC5/IFI27/GZMA",0.610526878385931,"IFN_activated_DC","HS"
"GO:0001819","positive regulation of cytokine production",249,-0.379673756591242,-1.79879633283859,3.0752863113513e-06,0.000807816929793328,0.000568756432920866,1303,"tags=30%, list=19%, signal=25%","FCN1/HLA-DPA1/SETD2/IRAK3/HMGB2/CCR7/PSMB3/NOD2/IFNGR1/IL27RA/NR4A3/ATF4/HLA-A/IL18/TRAF3IP3/NLRC4/ZC3HAV1/RELA/C3AR1/SORL1/TNFRSF14/GPR65/PNP/CREB1/IL15/CD2/OAS1/CASP1/IRF4/HAVCR2/FCGR2B/JAK2/FCGR1A/POU2F2/OSM/CCL3/PSMA4/PTGER4/HIF1A/RIPK2/IFI16/PTPRC/DDX3X/MALT1/TLR8/OAS2/ADAM10/OAS3/RNF135/FCGR2A/IL1B/CEBPB/IL4R/PDE4B/LAPTM5/SMAD3/CLEC7A/DHX58/BCL10/IRF1/DDIT3/TLR5/MEFV/EGR1/HLA-E/PTGS2/NAIP/GBP5/EIF2AK2/RSAD2/STAT3/CD55/CLEC12A/EREG",0.627256739718528,"CD1C_DC","HS"
"GO:0051607","defense response to virus",174,-0.420052133893826,-1.90206874362549,3.2758188556096e-06,0.000807816929793328,0.000568756432920866,1283,"tags=33%, list=19%, signal=27%","MORC3/SETD2/AZI2/TRIM22/OTUD4/ABCF3/VAMP8/ISG20/AIMP1/TRAF3IP3/ZC3HAV1/ADAR/RELA/IFITM3/TRIM5/OASL/IFIT2/ILRUN/MLKL/BCL2/OAS1/CASP1/BNIP3L/MX2/GBP1/NLRC5/PML/IFI16/IFIT5/PTPRC/TLR8/OAS2/RNASE2/OAS3/RNF135/IL1B/IFI44L/DHX58/IFI27/IFITM1/PLSCR1/PMAIP1/DDX60L/ZBP1/IRF1/PARP9/ZNFX1/DTX3L/DDX60/IFIT3/TNFAIP3/GBP5/UBE2W/EIF2AK2/RSAD2/HERC5/NFKBIZ",0.627256739718528,"CD1C_DC","HS"
"GO:0006412","translation",232,-0.383322032206183,-1.84384984400203,5.89676066386495e-07,0.000809625239148658,0.000604258282817604,875,"tags=40%, list=27%, signal=31%","MRPL4/RPS15A/RPL7/EIF3L/SH3BGRL/EIF4A2/MTOR/ZC3H15/RPL12/EIF3B/RPS4X/RPL3/EEF1B2/CNBP/TNRC6A/RPL38/RGS2/HNRNPU/EIF4A1/PML/RPS3A/MTPN/FAU/RPS18/EIF4A3/EIF1AX/RPS19/HHEX/EIF2S3/RPL4/MAP3K20/RPS3/AURKAIP1/USP16/RPL36AL/RPL15/BCL3/PPP1R15B/CALR/RPL10/EIF4G2/CNOT1/EIF5A/RPS27A/RPS17/CYFIP1/EIF3F/RPL8/RPL35/MRPL52/RPLP0/CAPRIN1/EIF5/CSDE1/EIF3H/PPP1R15A/ABTB1/AIMP1/PUM2/RPL23A/MRPL20/AGO1/RPL6/RPS21/RPLP2/EEF1A1/RPS20/NEMF/RPL22/RPL39/RPS29/UPF1/EIF4EBP2/RPL24/RPS16/RBM3/EIF4E3/BTG2/RPS7/YBX3/KHDRBS1/RPS13/DDX3X/RPLP1/RPL27A/RPS24/RPS14/RPL9/RPS6/EIF1/RPS25/ZFP36",0.659444398037935,"SIGLEC1_macrophage_monocyte","HS"
"GO:0160307","protein biosynthetic process",232,-0.383322032206183,-1.84384984400203,5.89676066386495e-07,0.000809625239148658,0.000604258282817604,875,"tags=40%, list=27%, signal=31%","MRPL4/RPS15A/RPL7/EIF3L/SH3BGRL/EIF4A2/MTOR/ZC3H15/RPL12/EIF3B/RPS4X/RPL3/EEF1B2/CNBP/TNRC6A/RPL38/RGS2/HNRNPU/EIF4A1/PML/RPS3A/MTPN/FAU/RPS18/EIF4A3/EIF1AX/RPS19/HHEX/EIF2S3/RPL4/MAP3K20/RPS3/AURKAIP1/USP16/RPL36AL/RPL15/BCL3/PPP1R15B/CALR/RPL10/EIF4G2/CNOT1/EIF5A/RPS27A/RPS17/CYFIP1/EIF3F/RPL8/RPL35/MRPL52/RPLP0/CAPRIN1/EIF5/CSDE1/EIF3H/PPP1R15A/ABTB1/AIMP1/PUM2/RPL23A/MRPL20/AGO1/RPL6/RPS21/RPLP2/EEF1A1/RPS20/NEMF/RPL22/RPL39/RPS29/UPF1/EIF4EBP2/RPL24/RPS16/RBM3/EIF4E3/BTG2/RPS7/YBX3/KHDRBS1/RPS13/DDX3X/RPLP1/RPL27A/RPS24/RPS14/RPL9/RPS6/EIF1/RPS25/ZFP36",0.659444398037935,"SIGLEC1_macrophage_monocyte","HS"
"GO:0071346","cellular response to type II interferon",38,-0.602932952674961,-2.17647587214455,9.84489781790043e-06,0.00106268639874365,0.000965500702775922,1919,"tags=50%, list=23%, signal=39%","NR1H2/JAK1/CDC37/PDE12/SP100/RAF1/TP53/IL12RB1/GBP1/CALM1/NLRC5/CASP1/JAK2/HLA-DPA1/GBP5/CCL5/GBP4/CD47/PIM1",0.593325476396405,"IFN_activated_DC","HS"
"GO:0071345","cellular response to cytokine stimulus",354,-0.316577880419555,-1.63257026215767,1.093448027557e-05,0.00112097373750956,0.00101845749850414,2064,"tags=35%, list=25%, signal=27%","UGCG/FADD/IL23A/IL2RG/HCLS1/TRAF6/COMMD7/TRIM41/PSMA1/NSMAF/NR1H2/JAK1/ISG15/PYHIN1/CDC37/ACTN4/ARHGEF2/PDE12/SEM1/HDAC4/YTHDF2/PSMD1/EIF5A/TBK1/TNFRSF4/AGPAT2/PSMC5/BIRC2/FCER1G/PSMB3/USP10/SH2B3/ITGA4/PTPRJ/SOS1/STAT2/CD74/USP18/PTPN1/ZFP36/MKKS/SP100/IL4R/SELPLG/YBX3/RPS6KA5/TRAF3/PTPN11/RAF1/SHARPIN/KRAS/PSMA2/ETV3/WBP1L/TP53/SOCS2/PSMB7/CASP4/OXSR1/IL12RB1/ILK/ADIPOR1/GPR25/GBP1/SMPD4/PSMB2/VRK2/LIMS1/ABCA1/SOCS1/UBE2K/PSMA3/CALM1/IL10RA/TNFRSF1B/TMSB4X/TRAF1/RHOA/STAT3/NLRC5/TANK/PLP2/FAS/TTLL12/YTHDF3/CASP1/SIN3A/PSMD12/CXCR3/JAK2/HLA-DPA1/NFKB1/NFKBIA/XBP1/CHUK/ZC3H12A/IL18R1/NFAT5/GBP5/PSMA6/ZBP1/BIRC3/CCL5/GBP4/SOCS4/CASP8/TOLLIP/IKBKB/CXCR4/TRADD/CISH/EDA/IFI27/RIPOR2/TNFSF13B/SOCS3/OSM/NFKBIZ/CD47/FOS/PIM1/DUSP1/TNFAIP3",0.593325476396405,"IFN_activated_DC","HS"
"GO:0043122","regulation of canonical NF-kappaB signal transduction",199,-0.365779263228999,-1.76584255018213,1.09783028819094e-05,0.00112097373750956,0.00101845749850414,1850,"tags=35%, list=22%, signal=28%","TRIM22/TMEM101/RBCK1/SQSTM1/RIPK2/TBK1/SLCO3A1/BIRC2/LITAF/USP10/TAB2/CD74/TRIM25/PIDD1/FAF1/PER1/TRAF3/SHARPIN/ATP2C1/ERC1/REL/ILK/VAPA/SLC39A8/LIMS1/NAMPT/TMSB4X/TRAF1/RHOA/STAT3/NLRC5/PINK1/TANK/RHOH/CASP10/ZDHHC13/GOLT1B/CASP1/SIVA1/UBE2N/HUWE1/LTB/ITCH/PELI2/NFKBIA/OPTN/CHUK/TNIP1/ZC3H12A/NFAT5/FLNA/ZC3HAV1/ZDHHC17/PSMA6/PELI1/APOL3/RBX1/BIRC3/FBXO7/PIM2/CFLAR/CASP8/S100A4/RORA/IKBKB/TRADD/MTDH/EDA/LGALS1/TNFAIP3",0.593325476396405,"IFN_activated_DC","HS"
"GO:0002250","adaptive immune response",328,-0.329582269259776,-1.67253428487722,5.07936018900066e-06,0.00113430133062788,0.000842420988196057,1151,"tags=21%, list=11%, signal=19%","TFRC/CTSH/ADCY7/ZNF683/TRBV12-4/TRDV1/HLA-DMA/PRDM16/KLRC2/SH2D1B/RAP1GAP2/TRGV10/STAT3/SASH3/LGALS9/PSMA4/TRAV29DV5/IGLV1-40/IFNG/IL21R/SMAD7/TXK/IGKV1-5/LAX1/TRBV13/IGLV1-51/TRBV10-3/TRAT1/TRBV3-1/AGER/RC3H1/SAMSN1/ZBTB1/RNF125/C1QBP/IGLV3-25/IGKV3-15/IRF4/TRBV19/JUNB/TRBV6-5/LIME1/RC3H2/HLA-DMB/CRACR2A/MTOR/IGLC2/TRAV13-2/AKIRIN2/IGHA1/TRAV8-4/SLA2/TRAV19/TRBV27/FCGR2B/CD69/CD7/IL6ST/MCOLN2/TRAV41/CD8A/TRAV22/CAMK4/TRAV14DV4/TRAV38-2DV8/CD8B/TRGV5/TRBV28/LEF1",0.610526878385931,"Cytotoxic_gamma_delta_T","HS"
"GO:0007584","response to nutrient",75,-0.501019271183264,-2.03580501947569,5.42118634315421e-06,0.00116156050542004,0.000841910909242173,1489,"tags=37%, list=17%, signal=31%","PPARD/SLC27A4/TSPO/AQP3/ARSB/PIM1/NFE2L2/TPCN2/ALAD/BECN1/CD40/NFKBIZ/OXCT1/KYNU/ABCA1/CSNK1A1/MDM2/TFRC/TRIM25/BCKDHB/GCLM/SNW1/BABAM2/CXCL10/XBP1/SOD2/CPT1A/ACSL1",0.610526878385931,"CD14_CD163_macrophage","HS"
"GO:0031347","regulation of defense response",414,-0.304171314190013,-1.61725535482653,1.24413976694751e-05,0.00120522052295581,0.0010949996756235,865,"tags=19%, list=10%, signal=18%","RB1/UBE2K/CALHM2/PRKDC/YWHAZ/DTX3L/IL10RA/TNFRSF1B/TMSB4X/HLA-A/MAP2K6/TRAF1/CD300A/STAT3/ARNT/NLRC5/TTLL12/RNF125/YTHDF3/CASP1/SIN3A/SYT11/PPP2CA/PRKAR1A/IFIH1/SELENOS/HLA-C/PJA2/JAK2/NFKB1/SUSD4/PRKAR2A/ITCH/NFKBIA/OPTN/CHUK/TNIP1/ZC3H12A/IL18R1/RHBDF2/ZC3HAV1/NAGK/PDCD4/GBP5/PSMA6/USP15/ZBP1/DDX60/RBX1/APOBEC3G/TRIM11/BIRC3/CCL5/PAK1/CASP8/RORA/SLC15A4/AHR/POLR3F/WDFY1/NKG7/PRKCE/SEC14L1/ZDHHC5/IKBKB/CTSS/TRADD/GZMK/LGALS1/OSM/CD69/LYAR/NFKBIZ/CD47/NEAT1/FUT7/PIM1/TNFAIP3",0.593325476396405,"IFN_activated_DC","HS"
"GO:0071345","cellular response to cytokine stimulus",414,-0.318564347529172,-1.63841630197817,6.44923521652935e-06,0.00125023031269005,0.000906179690517603,1880,"tags=30%, list=21%, signal=25%","ZBP1/ZFAND6/CASP4/RC3H1/IFNGR1/IKBKE/PTPN1/NSMAF/YTHDF3/RNF113A/IFNAR2/GBP3/IL1RN/PSMC2/CALM1/APPL1/GPR35/PSMC5/SIN3A/PSMA1/SP100/IL18/PSME1/ETV3/CCL4/YBX3/RIPK1/PDE12/RBMX/GAPDH/RIPOR1/TANK/STAT4/TRAF1/IL12RB1/IL10RA/JAK2/PTPRC/CCR2/RO60/CISH/IFNG/HDAC4/TIFA/IRAK3/PIM1/NFE2L2/PSMB7/TNFRSF1B/RFFL/LIMS1/PSMC4/CSF2RB/CFL1/CX3CR1/TTLL12/USP10/ANXA4/GIGYF2/CD40/STAT1/NFKBIZ/CYLD/VRK2/CASP8/PSMA4/SAMHD1/OSM/GBP1/KLF2/TAX1BP1/ABCA1/UGCG/SH2B3/PSMD1/GBP5/METTL3/CXCR4/BIRC3/TPR/TRADD/PSMD12/IFI27/CD74/SOCS3/SOCS1/FADD/CCR1/ZFP36L2/EGR1/ADRM1/SOS1/STAT3/IRF1/IFIT5/PTPN2/TNFRSF4/PARP9/FAS/CXCL10/XBP1/TBK1/ERBIN/EIF5A/IL10RB/ITGA4/GBP4/CXCL8/ZFP36/IL15/IL1B/FOS/PNPT1/HLA-DPA1/ADIPOR2/NAIP/CCL3L1/IL1R2/NFKBIA/TNFAIP3/CCL3/DUSP1/PADI2",0.610526878385931,"CD14_CD163_macrophage","HS"
"GO:0002250","adaptive immune response",378,-0.338211408272017,-1.74831889495808,3.23654270095658e-07,0.00134996196056899,0.000938060791116975,2479,"tags=37%, list=25%, signal=29%","TRBV7-4/TRBV6-1/PRKAA1/HLA-DPB1/SHLD2/SLAMF1/PSMB2/SAMSN1/ANXA1/PSMA1/TRGV10/TRAC/IFNG/TRBV12-5/TRAV35/TRAF3IP2/IL12RB1/TRGV3/SHLD1/IGLV3-25/IGLV1-44/CD3G/RC3H1/ITK/TNFRSF1B/TRAV12-1/LAG3/NFKBID/IL27RA/KMT5B/TRGC2/TRAV4/LIME1/IGKV1-5/LY9/TRBV9/PSMB1/TRBV13/CD40LG/MICB/CD3E/TRGV9/TRBV29-1/UNC93B1/JCHAIN/PARP3/TFRC/TRAV10/CRTAM/IGLV1-51/CD27/TP53BP1/TRAV21/BTN3A3/TRAV13-2/BTN3A1/TRAV8-6/LIG4/JAK3/LAX1/TRBV14/IGLC2/RTKN2/TRAV40/TRAV20/NFKBIZ/JAK2/PIK3CG/CD3D/IL12RB2/CAMK4/IGHV3-30/TRBV5-5/TRAV8-2/TRBV27/FUT7/TRAV8-1/CD8A/CTLA4/FCRLB/HAVCR2/CD79A/CD226/TRAV22/CTSS/HMCES/JUNB/USP5/IL21R/FBXO38/PSMA4/CTSC/ZNF683/TRBV10-1/TRGV8/CD55/PRKCQ/AGER/IGHV4-39/RNF125/TRBV2/TRAV16/TRBV6-5/ZBTB1/RORA/TAP1/IGLV1-47/MTOR/TRAV23DV6/SLAMF6/CD8B2/PRKCB/UFL1/TRGV4/RAP1GAP2/TRAT1/TRAV29DV5/FCGR2B/TRBV7-7/CCR2/THEMIS/TRBV6-6/CD86/SIT1/SKAP1/CD8B/OPA1/AKIRIN2/MCOLN2/IGHA1/PRDM1/MALT1/TRDV1/SLA2/TRGV5/TRBV28/TRAV6/KLRC1/TRBV10-3/TNFAIP3/CD69",0.674962860011025,"Cycling_cells","HS"
"GO:1901652","response to peptide",409,-0.302311964217732,-1.58081959996685,1.85565444946432e-05,0.00175266562751905,0.00159237936714108,2045,"tags=33%, list=24%, signal=27%","FADD/IL23A/IL2RG/HCLS1/TRAF6/COMMD7/TRIM41/PSMA1/DDOST/NSMAF/NR1H2/JAK1/NUB1/ISG15/PYHIN1/CDC37/ACTN4/ARHGEF2/PDE12/SEM1/HDAC4/YTHDF2/PSMD1/EIF5A/TBK1/TNFRSF4/AGPAT2/PSMC5/TAF9/BIRC2/FCER1G/PSMB3/USP10/SH2B3/ITGA4/PTPRJ/SOS1/STAT2/CD74/USP18/PTPN1/ZFP36/PSMB9/MKKS/SP100/IL4R/SELPLG/YBX3/RPS6KA5/MAPKAPK3/TRAF3/PTPN11/RAF1/SHARPIN/KRAS/PSMA2/ETV3/REL/WBP1L/TP53/SOCS2/PSMB7/CASP4/OXSR1/IL12RB1/ILK/ADIPOR1/GPR25/GBP1/SMPD4/PSMB2/VRK2/LIMS1/ABCA1/SOCS1/UBE2K/SEC61A1/PSMA3/CALM1/IL10RA/TNFRSF1B/TMSB4X/TRAF1/RHOA/CD38/STAT3/NLRC5/TANK/PLP2/FAS/TTLL12/YTHDF3/CASP1/SIN3A/LAMP3/PSMD12/IFIH1/CXCR3/JAK2/HLA-DPA1/NFKB1/TIMP1/NFKBIA/XBP1/CHUK/ZC3H12A/IL18R1/NFAT5/GBP5/PSMA6/ZBP1/BIRC3/CCL5/GBP4/SOCS4/TUBA1A/CASP8/TOLLIP/RELB/IKBKB/CXCR4/TRADD/CISH/EDA/GCH1/BCL2/IFI27/RIPOR2/TNFSF13B/SOCS3/OSM/NFKBIZ/CD47/FOS/PIM1/DUSP1/TNFAIP3",0.575610261071129,"IFN_activated_DC","HS"
"GO:0010821","regulation of mitochondrion organization",71,-0.517992456885228,-2.08817280726637,5.59900381612338e-06,0.00179099584421145,0.00163033344437157,637,"tags=27%, list=8%, signal=25%","MFF/MOAP1/TFRC/VPS35/INF2/SIVA1/TP53/RAP1GDS1/SQSTM1/MTCH2/RHOT1/ACAA2/PARL/FXN/BCL2L1/HUWE1/TMEM135/HSPA1A/OPA1",0.610526878385931,"T_cells_unresolved","HS"
"GO:0061515","myeloid cell development",37,-0.613810001529765,-2.1047055719955,7.21555822136695e-06,0.00198840168700241,0.00181003087284783,333,"tags=24%, list=4%, signal=23%","ANXA2/HEATR3/DMTN/HBM/HBA1/TRIM58/HBA2/HBB/HBD",0.610526878385931,"T_cells_unresolved","HS"
"GO:0050729","positive regulation of inflammatory response",67,-0.494899645356025,-2.00689533348282,2.36981452877296e-05,0.00218369738773274,0.00198399204600576,747,"tags=27%, list=9%, signal=25%","TRAF1/STAT3/CASP1/NFKBIA/TNIP1/PDCD4/GBP5/ZBP1/CCL5/NKG7/ZDHHC5/TRADD/GZMK/LGALS1/OSM/NFKBIZ/CD47/NEAT1",0.575610261071129,"IFN_activated_DC","HS"
"GO:0007178","cell surface receptor protein serine/threonine kinase signaling pathway",37,-0.588386957738262,-2.02789188360852,3.03491575246581e-05,0.00224627915044494,0.00133018295861783,166,"tags=32%, list=10%, signal=30%","STRAP/ARID4B/APPL1/ZYX/STAT3/RUNX2/XBP1/OGT/DDX5/HDAC2/JUN/FOS",0.575610261071129,"Mast_cells","HS"
"GO:0141091","transforming growth factor beta receptor superfamily signaling pathway",37,-0.588386957738262,-2.02789188360852,3.03491575246581e-05,0.00224627915044494,0.00133018295861783,166,"tags=32%, list=10%, signal=30%","STRAP/ARID4B/APPL1/ZYX/STAT3/RUNX2/XBP1/OGT/DDX5/HDAC2/JUN/FOS",0.575610261071129,"Mast_cells","HS"
"GO:0071560","cellular response to transforming growth factor beta stimulus",39,-0.591517898644991,-2.06812316138647,3.06833805410806e-05,0.00224627915044494,0.00133018295861783,166,"tags=31%, list=10%, signal=28%","STRAP/ARID4B/APPL1/NR3C1/ZYX/STAT3/XBP1/OGT/HDAC2/NFKBIZ/JUN/FOS",0.557332238758646,"Mast_cells","HS"
"GO:0061614","miRNA transcription",18,-0.736823331291324,-2.13978342051316,3.024385899818e-05,0.00224627915044494,0.00133018295861783,136,"tags=44%, list=8%, signal=41%","NR3C1/STAT3/ETS1/DDX5/SMARCA4/EGR1/JUN/FOS",0.575610261071129,"Mast_cells","HS"
"GO:1901652","response to peptide",149,-0.410952781513663,-1.80578898795559,3.27263650571799e-05,0.00230000893621861,0.001362000217569,405,"tags=36%, list=25%, signal=30%","BST2/STAT1/XAF1/DOCK8/TAX1BP1/JAK1/MX1/PTPRC/PLP2/IFI16/SAMHD1/TMSB4X/PIM1/PSMC5/KLF2/HNRNPU/CNOT7/CALM1/RIPOR2/PSMA4/GSTP1/SOCS2/CD44/PSMD8/IRAK3/EIF2AK2/PSMA7/CALCOCO2/YBX3/CD74/APPL1/SRSF1/KIT/NFKBIA/AIF1/CRHBP/STAT3/YTHDF2/XBP1/SP100/IFIT2/CSF3R/FIS1/CALR/ZFP36/IRF1/MCL1/AVP/SELL/C1QTNF4/DUSP1/NFKBIZ/EGR1/FOS",0.557332238758646,"Mast_cells","HS"
"GO:0034101","erythrocyte homeostasis",75,-0.502433687958992,-2.0375960308118,9.99799055565295e-06,0.00257148317091394,0.00234080666838482,1799,"tags=44%, list=22%, signal=35%","ABCB10/HSPA9/HMGB2/PRKDC/CEBPG/HCLS1/NCKAP1L/HIF1A/SLC1A5/UFL1/KLF13/LYAR/MFHAS1/STAT5B/PTBP3/GLUL/MYB/CDK6/KAT7/STAT3/HEATR3/DMTN/AHSP/ZFP36/SPI1/HSPA1A/HBM/HBA1/TRIM58/HBA2/HBB/HBD/ALAS2",0.593325476396405,"T_cells_unresolved","HS"
"GO:0008637","apoptotic mitochondrial changes",63,-0.528067591258617,-2.06759920380105,1.14031713845531e-05,0.00258784912950623,0.00235570450844874,1569,"tags=35%, list=19%, signal=28%","MCL1/CASP2/PYCARD/GZMK/SLC35F6/BCL2/ATG3/BCL2A1/MOAP1/VPS35/SIVA1/TP53/RHOT1/PPM1K/ACAA2/PARL/FXN/BNIP3L/BCL2L1/HSPA1A/SOD2/OPA1",0.593325476396405,"T_cells_unresolved","HS"
"GO:0030218","erythrocyte differentiation",73,-0.511727329051838,-2.07814461282409,1.0901045969295e-05,0.00258784912950623,0.00235570450844874,1799,"tags=45%, list=22%, signal=36%","ABCB10/HSPA9/HMGB2/PRKDC/CEBPG/HCLS1/NCKAP1L/HIF1A/SLC1A5/UFL1/KLF13/LYAR/MFHAS1/STAT5B/PTBP3/GLUL/MYB/CDK6/KAT7/STAT3/HEATR3/DMTN/AHSP/ZFP36/SPI1/HSPA1A/HBM/HBA1/TRIM58/HBA2/HBB/HBD/ALAS2",0.593325476396405,"T_cells_unresolved","HS"
"GO:0007179","transforming growth factor beta receptor signaling pathway",28,-0.645313192696584,-2.07443704907485,4.08139938548934e-05,0.00268520891914641,0.00159010474894434,166,"tags=36%, list=10%, signal=33%","STRAP/ARID4B/APPL1/ZYX/STAT3/XBP1/OGT/HDAC2/JUN/FOS",0.557332238758646,"Mast_cells","HS"
"GO:0010586","miRNA metabolic process",23,-0.682666918875139,-2.10518066120111,4.27921740103013e-05,0.00268520891914641,0.00159010474894434,187,"tags=39%, list=11%, signal=35%","NEAT1/NR3C1/STAT3/ETS1/DDX5/SMARCA4/EGR1/JUN/FOS",0.557332238758646,"Mast_cells","HS"
"GO:0002262","myeloid cell homeostasis",84,-0.483816019365552,-1.9767331418833,1.52603084284844e-05,0.00294371349585464,0.00267964583974388,1799,"tags=40%, list=22%, signal=32%","ABCB10/HSPA9/HMGB2/PRKDC/CEBPG/HCLS1/NCKAP1L/HIF1A/SLC1A5/UFL1/KLF13/LYAR/MFHAS1/STAT5B/PTBP3/GLUL/MYB/PDE4B/CDK6/KAT7/STAT3/HEATR3/DMTN/AHSP/ZFP36/SPI1/HSPA1A/HBM/HBA1/TRIM58/HBA2/HBB/HBD/ALAS2",0.575610261071129,"T_cells_unresolved","HS"
"GO:0048821","erythrocyte development",21,-0.712233781493568,-2.14062749739081,1.51733291442859e-05,0.00294371349585464,0.00267964583974388,315,"tags=38%, list=4%, signal=37%","HEATR3/DMTN/HBM/HBA1/TRIM58/HBA2/HBB/HBD",0.593325476396405,"T_cells_unresolved","HS"
"GO:0046902","regulation of mitochondrial membrane permeability",31,-0.651571936684012,-2.22438882122223,1.43448204560683e-05,0.00294371349585464,0.00267964583974388,1037,"tags=39%, list=13%, signal=34%","SLC35F6/BCL2/SLC25A4/SLC9A1/SIVA1/STAT3/RHOT1/PPM1K/ACAA2/BNIP3L/BCL2L1/HSPA1A",0.593325476396405,"T_cells_unresolved","HS"
"GO:0042542","response to hydrogen peroxide",53,-0.547731755747613,-2.05401450913972,1.87764195616538e-05,0.00344949650804097,0.00314005727119832,180,"tags=17%, list=2%, signal=17%","FXN/PCNA/AREG/SOD2/TNFAIP3/HBA1/HBA2/DUSP1/HBB",0.575610261071129,"T_cells_unresolved","HS"
"GO:0002181","cytoplasmic translation",125,-0.433314037736094,-1.89920804229761,3.81684740957319e-06,0.00349368766222933,0.00260748999092421,956,"tags=50%, list=29%, signal=37%","EIF3K/UBA52/RPL35A/RPS28/RPL31/RPL30/RPS15A/RPL7/EIF3L/SH3BGRL/EIF4A2/MTOR/ZC3H15/RPL12/EIF3B/RPS4X/RPL3/CNBP/RPL38/HNRNPU/EIF4A1/RPS3A/FAU/RPS18/RPS19/HHEX/EIF2S3/RPL4/RPS3/RPL36AL/RPL15/RPL10/RPS27A/RPS17/EIF3F/RPL8/RPL35/RPLP0/EIF5/CSDE1/EIF3H/RPL23A/RPL6/RPS21/RPLP2/RPS20/NEMF/RPL22/RPL39/RPS29/RPL24/RPS16/RPS7/YBX3/RPS13/RPLP1/RPL27A/RPS24/RPS14/RPL9/RPS6/RPS25",0.610526878385931,"SIGLEC1_macrophage_monocyte","HS"
"GO:0042221","response to chemical",411,-0.314650992480008,-1.54369445871544,6.04965080540474e-05,0.00363574766329495,0.00215298689950961,339,"tags=26%, list=21%, signal=27%","HLA-DRB1/PTPRC/FOSB/PYCR2/PLP2/GRK2/IFI16/TBXAS1/CHMP5/SAMHD1/KDM5B/RAP1A/TMSB4X/TXNIP/PIM1/IP6K2/PSMC5/KLF2/RTF2/PDCD7/OS9/TPM1/MZB1/HSP90B1/ROCK1/HNRNPU/MT-CYB/CNOT7/CALM1/DDX3X/LAMTOR1/RIPOR2/B2M/PSMA4/SUMO1/ATP5F1D/GSTP1/SOCS2/PGK1/RWDD1/AKR1A1/CD44/PSMD8/IRAK3/SRSF5/EIF2AK2/TMX1/RCSD1/PSMA7/CALCOCO2/RNF5/YBX3/CD74/GSTK1/APPL1/SRSF1/RTN4/NR3C1/ATP2B1/KIT/GUK1/RAN/NFKBIA/UBXN1/SLC38A2/ACTB/AKR1C3/AIF1/CRHBP/GNA15/STAT3/RUNX2/YTHDF2/XBP1/MT-ND3/OGT/PRDX3/ETS1/BCAP31/BTG2/NRIP1/DDX5/SP100/IFIT2/JUNB/HDAC2/JUP/CSF3R/IGFBP7/PRDX1/SMARCA4/FIS1/CALR/ZFP36/IRF1/MCL1/AVP/SELL/C1QTNF4/DUSP1/NFKBIZ/EGR1/JUN/FOS/CD69",0.557332238758646,"Mast_cells","HS"
"GO:0071559","response to transforming growth factor beta",40,-0.573183585547383,-2.03433429959422,6.47340396166032e-05,0.00366895830988296,0.00217265330478578,166,"tags=30%, list=10%, signal=28%","STRAP/ARID4B/APPL1/NR3C1/ZYX/STAT3/XBP1/OGT/HDAC2/NFKBIZ/JUN/FOS",0.538434096309916,"Mast_cells","HS"
"GO:0097191","extrinsic apoptotic signaling pathway",117,-0.424804044244635,-1.87364358853039,2.09581811947848e-05,0.00370959807147691,0.00268875454245128,1769,"tags=38%, list=20%, signal=31%","ACVR1B/BCL2A1/SP100/TMBIM1/RIPK1/PSME3/TRAF1/SMAD3/JAK2/BCL10/IFNG/DDX3X/TNFRSF1B/RFFL/CFLAR/ICAM1/PARK7/NFKBIZ/CYLD/CASP8/G0S2/BCL2L1/BCL2/BIRC3/LTBR/HTT/MCL1/ACSL5/TRADD/PMAIP1/TLR6/IFI27/FADD/MAP2K5/FEM1B/HMOX1/BAK1/KLF4/FAS/EYA3/DEDD/SIAH2/ATF3/IL1B/TNFAIP3",0.575610261071129,"CD14_CD163_macrophage","HS"
"GO:0006952","defense response",438,-0.303723559294088,-1.662591398885,1.65199859724294e-06,0.00382437675261742,0.00217685876551587,515,"tags=27%, list=20%, signal=26%","CIITA/PSME2/C5AR1/HLA-B/PTPRC/PSTPIP1/SPON2/PSMA4/XRCC6/IRF1/GZMB/PSMA2/PIK3CD/AKNA/ZEB2/HSP90AA1/UBE2N/RPL13A/LYST/JAK2/CD163/FCGR2A/GBP1/PTPN2/FGR/UBE2L6/CX3CR1/ZNFX1/SIGLEC1/IRAK3/HSPD1/NONO/PARP14/PSMA7/PSMD7/ADGRE5/SMARCA5/PSMD8/CLEC4A/LILRB1/IFI27/S100A9/PSMA3/OAS2/PSMB3/IFNGR1/EIF2AK2/IFI35/PSMA6/TNFRSF1B/CSNK1A1/NFKBIA/CHMP3/CUL3/KLF4/BLNK/DDX21/C1QA/APOBEC3A/PPT1/PSMA1/LGALS9/PARK7/GRN/GNLY/ANXA1/CFD/IFIT3/HLA-A/NEAT1/CCL3L1/CLEC7A/TAP1/PARP9/HLA-C/PSMD2/CALM1/LY6E/GSTP1/PHB2/NUB1/IFI44L/IFI6/HLA-E/HMGN2/RTN4/RPS19/CASP1/PSMB7/STAT2/LGALS3BP/MX2/DDX39A/PTPRCAP/IL16/SP140/IRF7/ZFP36/NR1H2/MAP3K8/GAPDH/NAMPT/PLSCR1/FCN1/XBP1/BST2/HCK/SERPINA1/NKG7/LILRB2/TXNIP/TRIM22/BANF1/HMGB2/CST7/RNASE2/CCL3/CD69/FOS/CLEC12A",0.643551836150722,"B_cells","HS"
"GO:0008219","cell death",493,-0.30796363631553,-1.59734935547928,6.54011802984006e-06,0.004181849503878,0.00312109489431442,722,"tags=30%, list=22%, signal=28%","RTN3/PML/NOC2L/ITGA4/RPS3A/ATOX1/SLC25A6/PPP1R10/TAOK1/CSRNP1/HSPA5/BTG1/PPP2R5C/UBQLN1/DNAJA1/STK4/IL6ST/RAF1/ARHGEF2/HSP90AA1/CDKN2D/MDM2/NAA38/NME2/SLK/CITED2/MARCKS/LTB/STK11/YME1L1/ANP32B/PYCARD/MNDA/BNIP3L/SHISA5/ITPR1/CXCR4/PTEN/MAP3K20/RPS3/ASAH1/DDX5/ZBTB16/EGR1/HSPA1A/CTSH/URI1/BCL3/EPC1/RHOT1/CALR/TLR4/HMGB1/SET/SFPQ/ZEB2/KLF4/EIF4G2/EIF5A/ARF4/SH3KBP1/FNIP1/IKBKE/CARD8/RICTOR/ANKLE2/YWHAZ/BCL2A1/ANXA1/PSMA6/MDM4/TFRC/PSMB1/NFKBIZ/JAK3/TPT1/PPP1R15A/LRRK2/HIGD2A/PTPN2/AIMP1/ROCK1/PSMB6/HSP90B1/MORF4L1/CCL3/PSMA7/CLEC7A/IFI27/ATF3/ATG3/TNFRSF1A/ATF5/SH3GLB1/IFI6/PLSCR1/EVI2B/PIAS1/MEF2A/GABARAP/NR4A2/PLAUR/TXNIP/SIVA1/RBX1/NAIP/MICAL1/BNIP2/BTG2/ST3GAL1/GSN/RPS7/YBX3/KHDRBS1/PPIA/BAG1/CFL1/CCNL1/UBE2D3/RASSF5/SOD2/STK17B/CBL/SAP18/DDX3X/PLK3/IL1B/ACTB/NOTCH1/MCL1/SGK1/DUSP1/SRGN/RPS6/CEBPB/CDKN1B/CDKN1A/TNFSF12/LYN/STAT1/CTSC/ZFP36/SOCS3/FTH1/TMBIM6/G0S2/RHOB/RNF130/FCGR2B",0.610526878385931,"SIGLEC1_macrophage_monocyte","HS"
"GO:0006915","apoptotic process",471,-0.312856526147476,-1.60475050485446,7.61443828091406e-06,0.004181849503878,0.00312109489431442,722,"tags=31%, list=22%, signal=28%","RTN3/PML/NOC2L/ITGA4/RPS3A/ATOX1/SLC25A6/PPP1R10/TAOK1/CSRNP1/HSPA5/BTG1/PPP2R5C/UBQLN1/DNAJA1/STK4/IL6ST/RAF1/ARHGEF2/HSP90AA1/CDKN2D/MDM2/NAA38/NME2/SLK/CITED2/MARCKS/LTB/STK11/YME1L1/ANP32B/PYCARD/MNDA/BNIP3L/SHISA5/ITPR1/CXCR4/PTEN/MAP3K20/RPS3/DDX5/ZBTB16/EGR1/HSPA1A/CTSH/URI1/BCL3/EPC1/RHOT1/CALR/TLR4/HMGB1/SET/SFPQ/ZEB2/KLF4/EIF5A/ARF4/SH3KBP1/FNIP1/IKBKE/CARD8/RICTOR/ANKLE2/YWHAZ/BCL2A1/ANXA1/PSMA6/MDM4/TFRC/PSMB1/NFKBIZ/JAK3/TPT1/PPP1R15A/LRRK2/HIGD2A/PTPN2/AIMP1/ROCK1/PSMB6/HSP90B1/MORF4L1/CCL3/PSMA7/CLEC7A/IFI27/ATF3/ATG3/TNFRSF1A/ATF5/SH3GLB1/IFI6/PLSCR1/EVI2B/PIAS1/MEF2A/GABARAP/NR4A2/PLAUR/TXNIP/SIVA1/RBX1/NAIP/MICAL1/BNIP2/BTG2/ST3GAL1/GSN/RPS7/YBX3/KHDRBS1/PPIA/BAG1/CFL1/CCNL1/UBE2D3/RASSF5/SOD2/STK17B/CBL/SAP18/DDX3X/PLK3/IL1B/ACTB/NOTCH1/MCL1/SGK1/DUSP1/SRGN/RPS6/CEBPB/CDKN1A/TNFSF12/LYN/STAT1/CTSC/ZFP36/SOCS3/TMBIM6/G0S2/RHOB/RNF130/FCGR2B",0.610526878385931,"SIGLEC1_macrophage_monocyte","HS"
"GO:0048545","response to steroid hormone",54,-0.531143480290537,-1.96226391542004,7.67867487927766e-05,0.00421607242590339,0.0024966388047204,361,"tags=41%, list=22%, signal=33%","MDK/PTPRC/FOSB/TXNIP/PDCD7/HNRNPU/GSTP1/RWDD1/NR3C1/RAN/AKR1C3/MT-ND3/DDX5/JUNB/HDAC2/IGFBP7/SMARCA4/CALR/ZFP36/DUSP1/JUN/FOS",0.538434096309916,"Mast_cells","HS"
"GO:0043123","positive regulation of canonical NF-kappaB signal transduction",139,-0.390726293477557,-1.80771211731522,4.84134602197583e-05,0.00425362913279644,0.00386462264118408,1210,"tags=28%, list=14%, signal=24%","SHARPIN/ATP2C1/ERC1/REL/ILK/VAPA/LIMS1/NAMPT/TRAF1/RHOA/STAT3/PINK1/CASP10/ZDHHC13/GOLT1B/CASP1/UBE2N/HUWE1/LTB/PELI2/CHUK/NFAT5/FLNA/ZC3HAV1/ZDHHC17/PSMA6/PELI1/APOL3/RBX1/BIRC3/PIM2/CFLAR/CASP8/S100A4/IKBKB/TRADD/MTDH/EDA/LGALS1",0.557332238758646,"IFN_activated_DC","HS"
"GO:0019730","antimicrobial humoral response",48,-0.599013682321718,-2.20780160791332,1.03364807740732e-06,0.00454701789251479,0.00380763650134033,849,"tags=29%, list=8%, signal=27%","HMGN2/CXCL1/CCL3L1/HLA-A/IGHG1/JCHAIN/IGHA1/CCL3/ADM/RNASE3/CXCL2/ELANE/CXCL3/CXCL8",0.643551836150722,"Neutrophils","HS"
"GO:2001236","regulation of extrinsic apoptotic signaling pathway",73,-0.489575443635433,-1.99412470631687,2.79172056337087e-05,0.00473545600561783,0.00343230684304672,1633,"tags=42%, list=19%, signal=35%","SP100/TMBIM1/RIPK1/PSME3/TRAF1/BCL10/DDX3X/RFFL/CFLAR/ICAM1/PARK7/CYLD/G0S2/BCL2L1/BCL2/LTBR/HTT/MCL1/ACSL5/PMAIP1/TLR6/FADD/MAP2K5/FEM1B/HMOX1/KLF4/EYA3/SIAH2/ATF3/IL1B/TNFAIP3",0.575610261071129,"CD14_CD163_macrophage","HS"
"GO:0031348","negative regulation of defense response",158,-0.387940950912628,-1.7884030442071,3.28893443457854e-05,0.00495898225302565,0.00359432094848202,2220,"tags=37%, list=25%, signal=28%","DDX39A/MUL1/LPCAT3/ARNT/NR1D2/IFI16/TMSB4X/HAVCR2/VPS35/ZDHHC18/YTHDF3/IL1RN/RB1/PSMA1/PPARD/YWHAZ/IL10RA/KLRC1/SMAD3/PTPRC/ITCH/SLC39A8/TIGIT/IRAK3/PIM1/HLA-B/TNFRSF1B/AOAH/GRN/TTLL12/MFHAS1/GIGYF2/CYLD/PRKAR1A/MKRN2/MICB/SAMHD1/ILRUN/METTL3/HLA-E/NMI/FAM76B/SERPING1/PPM1B/HLA-DRB1/HLA-A/STAT3/ATG5/KLF4/PTPN2/IL10RB/IL1B/NLRP3/CD69/RORA/IL1R2/CLEC12A/TNFAIP3",0.557332238758646,"CD14_CD163_macrophage","HS"
"GO:0002396","MHC protein complex assembly",16,-0.741413991977949,-2.14970378436593,3.18416988059974e-05,0.00495898225302565,0.00359432094848202,1109,"tags=56%, list=13%, signal=49%","HLA-DMB/TAPBPL/CALR/TAPBP/HLA-DRA/HLA-DRB1/HLA-A/HLA-DPA1/HLA-DPB1",0.557332238758646,"CD14_CD163_macrophage","HS"
"GO:0002501","peptide antigen assembly with MHC protein complex",16,-0.741413991977949,-2.14970378436593,3.18416988059974e-05,0.00495898225302565,0.00359432094848202,1109,"tags=56%, list=13%, signal=49%","HLA-DMB/TAPBPL/CALR/TAPBP/HLA-DRA/HLA-DRB1/HLA-A/HLA-DPA1/HLA-DPB1",0.557332238758646,"CD14_CD163_macrophage","HS"
"GO:0071495","cellular response to endogenous stimulus",137,-0.395954404586524,-1.69892816992102,0.000109585217811266,0.00534573924556916,0.00316559553351244,311,"tags=29%, list=19%, signal=26%","KDM5B/RAP1A/PIM1/KLF2/MZB1/ROCK1/HNRNPU/CHURC1/HHEX/GSTP1/SOCS2/RWDD1/CD44/SRSF5/STRAP/ARID4B/APPL1/NR3C1/ATP2B1/RAN/AKR1C3/CRHBP/ZYX/STAT3/RUNX2/XBP1/MT-ND3/OGT/DDIT4/DDX5/SP100/HDAC2/IGFBP7/SMARCA4/CALR/ZFP36/DUSP1/NFKBIZ/JUN/FOS",0.538434096309916,"Mast_cells","HS"
"GO:0009719","response to endogenous stimulus",173,-0.38394765456626,-1.70781489657825,0.000109435003367656,0.00534573924556916,0.00316559553351244,311,"tags=28%, list=19%, signal=25%","KDM5B/RAP1A/TXNIP/PIM1/KLF2/PDCD7/MZB1/ROCK1/HNRNPU/CHURC1/MT-CYB/HHEX/GSTP1/SOCS2/RWDD1/CD44/SRSF5/STRAP/ARID4B/APPL1/NR3C1/ATP2B1/RAN/AKR1C3/CRHBP/ZYX/STAT3/RUNX2/XBP1/MT-ND3/OGT/DDIT4/BTG2/DDX5/SP100/JUNB/HDAC2/IGFBP7/SMARCA4/CALR/ZFP36/AVP/DUSP1/IER2/NFKBIZ/EGR1/JUN/FOS",0.538434096309916,"Mast_cells","HS"
"GO:0033993","response to lipid",117,-0.41523380940169,-1.78886770812308,0.000112573905569755,0.00534573924556916,0.00316559553351244,338,"tags=32%, list=21%, signal=28%","PTPRC/FOSB/TBXAS1/CHMP5/RAP1A/TXNIP/PIM1/PDCD7/HNRNPU/B2M/GSTP1/SOCS2/RWDD1/IRAK3/NR3C1/RAN/AKR1C3/CRHBP/STAT3/XBP1/MT-ND3/PRDX3/BTG2/NRIP1/DDX5/SP100/JUNB/HDAC2/IGFBP7/SMARCA4/FIS1/CALR/ZFP36/AVP/DUSP1/NFKBIZ/JUN/FOS",0.538434096309916,"Mast_cells","HS"
"GO:0033273","response to vitamin",37,-0.592092304071385,-2.08856532696486,3.88604244170864e-05,0.00545519957937789,0.00395398433102778,1489,"tags=46%, list=17%, signal=38%","PPARD/TSPO/AQP3/PIM1/TPCN2/ALAD/BECN1/CD40/NFKBIZ/KYNU/ABCA1/MDM2/TRIM25/SNW1/BABAM2/CXCL10/SOD2",0.557332238758646,"CD14_CD163_macrophage","HS"
"GO:0010604","positive regulation of macromolecule metabolic process",402,-0.310921256231002,-1.52243013556308,0.000126819856826059,0.00586374969587856,0.0034723466660469,345,"tags=27%, list=21%, signal=28%","STK4/PTEN/PTPRC/FOSB/RBM3/PPP1R15A/IFI16/GRN/BCLAF1/TAF15/DAZAP2/RAP1A/DDX21/EDF1/PIM1/CSDE1/IP6K2/CCT4/PSMC5/KLF2/TCF4/MZB1/TERF2IP/MYCN/PBXIP1/ROCK1/HNRNPU/MTPN/CTSC/CHURC1/CNOT7/ZNF292/ERG/HHEX/GABARAP/DDX3X/GTF2I/WAS/CIRBP/ERP29/B2M/PSMA4/SUMO1/CNBP/RWDD1/IRF9/MAX/ID2/SQSTM1/IRAK3/CDK5RAP3/NEAT1/GTF2F1/SRSF5/EIF2AK2/TMX1/PSMA7/RAB7A/CAPRIN1/YBX3/CD74/APPL1/SRSF1/RTN4/NR3C1/MYH9/KIT/NFKBIA/SLC38A2/ACTB/SF3B1/MORF4L1/KMT2E/PTTG1IP/RSF1/EIF3E/AIF1/STAT3/RUNX2/YTHDF2/XBP1/ACTG1/OGT/GSN/SSBP2/ETS1/NCL/HMGN1/BCAP31/HLA-E/BTG2/NRIP1/SP100/JUNB/HDAC2/JUP/SMARCA4/EIF4A1/CALR/HLA-A/ZFP36/IRF1/AVP/C1QTNF4/IER2/NFKBIZ/EGR1/JUN/FOS",0.518848077743792,"Mast_cells","HS"
"GO:1902893","regulation of miRNA transcription",17,-0.721528067661244,-2.04932725002251,0.000130728332625159,0.00588947898518984,0.00348758282321482,136,"tags=41%, list=8%, signal=38%","NR3C1/STAT3/ETS1/SMARCA4/EGR1/JUN/FOS",0.518848077743792,"Mast_cells","HS"
"GO:0042743","hydrogen peroxide metabolic process",24,-0.681428175792913,-2.13798447236818,3.55605054012935e-05,0.00596488825383436,0.00542980423075576,398,"tags=29%, list=5%, signal=28%","STAT3/PRDX6/SOD2/SNCA/HBA1/HBA2/HBB",0.557332238758646,"T_cells_unresolved","HS"
"GO:0042110","T cell activation",336,-0.315737446832695,-1.58560794307908,4.66890631738812e-05,0.00633570587269568,0.00459218427889237,1582,"tags=28%, list=18%, signal=24%","IL18/CARD11/BTN3A1/HMGB1/MEN1/STAT4/IL12RB1/KLRC1/SMAD3/JAK2/CD3G/SIT1/PTPRC/CCR2/PRNP/ZBTB16/TMEM131L/SMARCA4/PHF10/TIGIT/CD86/CBLB/NFE2L2/KLHL22/CD55/SMARCE1/TNFRSF1B/EIF2AK4/HLA-DMB/ICAM1/ABL1/SEMA4A/DDOST/NFKBIZ/CLEC2B/PRKAR1A/CASP8/PSMA4/MICB/MOV10/CBFB/HSH2D/FLOT2/CLPTM1/METTL3/HLA-E/ZBTB1/CRACR2A/TNFSF8/BRD2/EP300/TFRC/LTBR/ATF2/PPP3CB/HLA-DRA/MYB/PPP3CA/SIRPB1/CD74/SOCS3/SOCS1/FADD/SLAMF7/ZFP36L2/SLC7A1/HLA-DRB1/CTSL/HLA-A/PRKAA1/SOS1/LIG4/STAT3/ACTB/PAG1/IRF1/PTPN2/TNFRSF4/CLEC7A/JUNB/PRDM1/MALT1/SLAMF6/XBP1/TBK1/PTPN22/IL15/IL1B/NLRP3/HLA-DPA1/LCP1/CD69/RORA/HLA-DPB1",0.557332238758646,"CD14_CD163_macrophage","HS"
"GO:0042542","response to hydrogen peroxide",58,-0.501200738367991,-1.94600417717662,5.16460436804302e-05,0.00657034511946973,0.00476225319968785,1346,"tags=34%, list=15%, signal=29%","ERN1/NFE2L2/CFL1/BECN1/ABL1/PARK7/KLF2/OSER1/MDM2/MYB/PRKAA1/HMOX1/BAK1/RHOB/KLF4/SOD2/AIFM1/AREG/TNFAIP3/DUSP1",0.557332238758646,"CD14_CD163_macrophage","HS"
"GO:0002460","adaptive immune response based on somatic recombination of immune receptors built from immunoglobulin superfamily domains",148,-0.369677620711004,-1.70414001608833,7.87775780583111e-05,0.00676412931600681,0.00614553043681815,2045,"tags=38%, list=24%, signal=29%","FADD/IL23A/IL2RG/TRAF6/RIF1/ANXA1/PSMA1/JAK1/BTN3A3/ZBTB1/PARP3/RNF8/FCER1G/PSMB3/C1QBP/CD74/NCKAP1L/PSMB9/SHLD2/SLAMF6/SLAMF1/CD27/PSMA2/HLA-DRB1/IL12RB1/PSMB2/PSMA3/IGHV3-23/ARID5A/EXOSC6/TNFRSF1B/HLA-A/STAT3/PRF1/CD55/MTOR/BTLA/HLA-C/GNL1/SUSD4/ZC3H12A/IL18R1/LAG3/BTN3A2/PSMA6/CTSH/RORA/SLC15A4/AHR/JUNB/LGALS1/SOCS3/CD69/NFKBIZ/FUT7/TNFAIP3",0.538434096309916,"IFN_activated_DC","HS"
"GO:0002460","adaptive immune response based on somatic recombination of immune receptors built from immunoglobulin superfamily domains",194,-0.373479904055823,-1.71981494111556,2.68051125822495e-05,0.00691098873223527,0.00428439128050773,2251,"tags=31%, list=18%, signal=26%","TNFRSF14/CD40/NFKBID/IGHV4-34/DENND1B/TNFRSF1B/GATA3/PRKCQ/HLA-A/HFE/HLA-C/CD74/TFRC/PSMA6/SLAMF1/BRD2/TRAF6/SHLD2/FUT7/RIPK3/NBN/LAG3/STX7/IGHV3-15/IGHV4-39/ANXA1/RC3H2/HAVCR2/PSMA3/PCYT1A/MLH1/CTSH/CD55/HLA-DRB1/C4BPB/KLHL6/PARP3/IGHV1-18/IL18R1/MR1/IGHV6-1/CEACAM1/IGHV3-23/IL12RB1/IGHV4-59/MALT1/IGHA1/STAT4/IGLC2/FCER1G/CR1/JUNB/SOCS3/OPA1/IGHG1/STAT3/TNFAIP3/CD69/NFKBIZ/AHR",0.575610261071129,"Naive_CD8_T","HS"
"GO:0012501","programmed cell death",491,-0.306567612244413,-1.59371548115044,1.75632838418291e-05,0.00803812957161044,0.00599920325744057,722,"tags=30%, list=22%, signal=28%","RTN3/PML/NOC2L/ITGA4/RPS3A/ATOX1/SLC25A6/PPP1R10/TAOK1/CSRNP1/HSPA5/BTG1/PPP2R5C/UBQLN1/DNAJA1/STK4/IL6ST/RAF1/ARHGEF2/HSP90AA1/CDKN2D/MDM2/NAA38/NME2/SLK/CITED2/MARCKS/LTB/STK11/YME1L1/ANP32B/PYCARD/MNDA/BNIP3L/SHISA5/ITPR1/CXCR4/PTEN/MAP3K20/RPS3/ASAH1/DDX5/ZBTB16/EGR1/HSPA1A/CTSH/URI1/BCL3/EPC1/RHOT1/CALR/TLR4/HMGB1/SET/SFPQ/ZEB2/KLF4/EIF5A/ARF4/SH3KBP1/FNIP1/IKBKE/CARD8/RICTOR/ANKLE2/YWHAZ/BCL2A1/ANXA1/PSMA6/MDM4/TFRC/PSMB1/NFKBIZ/JAK3/TPT1/PPP1R15A/LRRK2/HIGD2A/PTPN2/AIMP1/ROCK1/PSMB6/HSP90B1/MORF4L1/CCL3/PSMA7/CLEC7A/IFI27/ATF3/ATG3/TNFRSF1A/ATF5/SH3GLB1/IFI6/PLSCR1/EVI2B/PIAS1/MEF2A/GABARAP/NR4A2/PLAUR/TXNIP/SIVA1/RBX1/NAIP/MICAL1/BNIP2/BTG2/ST3GAL1/GSN/RPS7/YBX3/KHDRBS1/PPIA/BAG1/CFL1/CCNL1/UBE2D3/RASSF5/SOD2/STK17B/CBL/SAP18/DDX3X/PLK3/IL1B/ACTB/NOTCH1/MCL1/SGK1/DUSP1/SRGN/RPS6/CEBPB/CDKN1B/CDKN1A/TNFSF12/LYN/STAT1/CTSC/ZFP36/SOCS3/FTH1/TMBIM6/G0S2/RHOB/RNF130/FCGR2B",0.575610261071129,"SIGLEC1_macrophage_monocyte","HS"
"GO:0009605","response to external stimulus",496,-0.281486884962149,-1.54238223023426,2.21699441298307e-05,0.00975565384726568,0.00555297816205592,552,"tags=28%, list=21%, signal=27%","NMI/IFIT2/PLD3/WNK1/RBX1/CELF1/PPIB/ARF1/RAC2/CIITA/PSME2/C5AR1/HLA-B/PTPRC/CHMP5/PSTPIP1/SPON2/PSMA4/XRCC6/IRF1/GZMB/TSPO/TUBA1A/RAB7A/PPP1CC/HNRNPUL1/PSMA2/PIK3CD/AKNA/BIN2/HSP90AA1/UBE2N/RALBP1/RPL13A/PPP1CB/ODC1/LYST/JAK2/GBP1/PTPN2/FGR/TYMP/ID2/UBE2L6/CX3CR1/ZNFX1/CALR/CFL1/IRAK3/HSPD1/NONO/PARP14/PSMA7/PSMD7/GPI/SMARCA5/PSMD8/CLEC4A/LILRB1/IFI27/PLCB2/S100A9/PSMA3/OAS2/PSMB3/IFNGR1/EIF2AK2/IFI35/PSMA6/RIPOR2/TNFRSF1B/CSNK1A1/NFKBIA/CHMP3/KLF4/DDX21/C1QA/APOBEC3A/PPT1/PSMA1/LGALS9/PARK7/GRN/GNLY/ANXA1/CFD/IFIT3/ADAM10/HLA-A/NEAT1/CCL3L1/CLEC7A/RHOA/PARP9/HLA-C/PSMD2/CALM1/LY6E/GSTP1/BTG2/PHB2/NUB1/IFI44L/IFI6/HLA-E/HMGN2/RTN4/RPS19/CASP1/PSMB7/STAT2/MX2/FOSB/HSPB1/DDX39A/IL16/IRF7/ZFP36/NR1H2/MAP3K8/ENO1/GAPDH/PLSCR1/FCN1/XBP1/BST2/HCK/NKG7/LILRB2/TXNIP/TRIM22/BANF1/HMGB2/CST7/DUSP1/RNASE2/CCL3/CD69/FOS/CLEC12A",0.575610261071129,"B_cells","HS"
"GO:0009615","response to virus",122,-0.404478826211681,-1.89231887227415,2.18984548344355e-05,0.00975565384726568,0.00555297816205592,571,"tags=36%, list=22%, signal=30%","IFITM3/NMI/IFIT2/ARF1/PTPRC/IRF1/HNRNPUL1/PSMA2/HSP90AA1/UBE2N/ODC1/LYST/GBP1/FGR/ZNFX1/CALR/CFL1/IRAK3/SMARCA5/LILRB1/IFI27/OAS2/IFNGR1/EIF2AK2/CHMP3/DDX21/APOBEC3A/LGALS9/IFIT3/PARP9/PHB2/IFI44L/IFI6/CASP1/STAT2/MX2/HSPB1/IRF7/ENO1/PLSCR1/BST2/TRIM22/BANF1/RNASE2",0.575610261071129,"B_cells","HS"
"GO:0006082","organic acid metabolic process",106,-0.41758600432665,-1.8947686438608,2.29103226338697e-05,0.00975565384726568,0.00555297816205592,460,"tags=35%, list=18%, signal=30%","LDHB/ST6GAL1/SDHB/ODC1/TXN2/NAAA/OAZ1/PTGES3/ZBTB7A/ATF4/GPI/SCPEP1/LYPLA1/LTA4H/ABHD14B/PARK7/IDH3B/ETFB/MDH2/PGK1/ALKBH7/FBP1/PARP9/GSTP1/CASP1/PKM/TPI1/ASAH1/NR1H2/ENO1/GAPDH/NAMPT/SLC2A3/XBP1/GLUL/ALDOA/P4HB",0.575610261071129,"B_cells","HS"
"GO:0019752","carboxylic acid metabolic process",103,-0.421730994830862,-1.89764999609249,2.01869417293323e-05,0.00975565384726568,0.00555297816205592,460,"tags=35%, list=18%, signal=30%","LDHB/ST6GAL1/SDHB/ODC1/TXN2/NAAA/OAZ1/PTGES3/ZBTB7A/ATF4/GPI/SCPEP1/LYPLA1/LTA4H/PARK7/IDH3B/ETFB/MDH2/PGK1/ALKBH7/FBP1/PARP9/GSTP1/CASP1/PKM/TPI1/ASAH1/NR1H2/ENO1/GAPDH/NAMPT/SLC2A3/XBP1/GLUL/ALDOA/P4HB",0.575610261071129,"B_cells","HS"
"GO:0043436","oxoacid metabolic process",105,-0.419887148764968,-1.90597709131803,2.52846320015525e-05,0.00975565384726568,0.00555297816205592,460,"tags=35%, list=18%, signal=30%","LDHB/ST6GAL1/SDHB/ODC1/TXN2/NAAA/OAZ1/PTGES3/ZBTB7A/ATF4/GPI/SCPEP1/LYPLA1/LTA4H/ABHD14B/PARK7/IDH3B/ETFB/MDH2/PGK1/ALKBH7/FBP1/PARP9/GSTP1/CASP1/PKM/TPI1/ASAH1/NR1H2/ENO1/GAPDH/NAMPT/SLC2A3/XBP1/GLUL/ALDOA/P4HB",0.575610261071129,"B_cells","HS"
"GO:0071466","cellular response to xenobiotic stimulus",34,-0.597272639914496,-2.06864228061768,7.03801510594076e-05,0.0100565415847109,0.00915441324627216,1542,"tags=41%, list=19%, signal=34%","CES2/GSTP1/ABHD10/VKORC1/CRYZ/RORA/SULT1A1/PDE4B/DPYD/TFRC/TP53/S100A12/AHR/CD69",0.538434096309916,"T_cells_unresolved","HS"
"GO:0048870","cell motility",360,-0.316845384526895,-1.62934008098107,2.67652240218592e-05,0.0102315957097184,0.00913506806091037,933,"tags=32%, list=22%, signal=27%","WAS/RAP2B/BEX4/TMEM18/RPS19/ZEB2/FES/CORO1A/LCP1/PDE4B/ARHGDIB/RAB1A/DNM1L/SRP54/PDCD6/ARID2/ARID4A/SPINT2/VCL/ACTB/RNF7/GOLPH3/IL16/GAS6/ARHGAP4/LGMN/RBBP4/TUBGCP2/DGKZ/RREB1/MEF2C/IL17RA/JAK2/PLCG2/CD44/ANO6/BSG/PSMA6/HEXB/MAPK1/CUL3/SUDS3/ARF6/PHB2/XBP1/VAV1/FOXP1/ACTR3/HDAC2/CORO1C/PPP1R9B/CCDC25/AIF1/ARRB2/STAT5A/CALR/SH3BP1/PRCP/DAB2/CSF1R/PSMB7/HSPA5/TIMP1/ITGB2/LGALS8/ROCK1/PSMB1/ATP5F1B/RCC2/ARHGEF2/ICAM2/KIF2A/PIK3CG/DDIT4/VSIR/ST3GAL4/STAT3/SINHCAF/TUBA1A/FLT3/USP33/ADAM10/CCAR1/ARPC5/CXCR4/AIMP1/ATP8A1/GRN/CD2AP/CDK6/TRADD/RBBP7/PTPRJ/MRTFA/GLUL/PLVAP/MYO1G/ARF4/SOD2/FERMT3/SELPLG/SPN/CCDC88A/ITGAL/RHOB/ITGB7/ABI3/CORO7/HMGB1/RHOC/MAPRE2/LDLRAD4/GPR183/CDC42",0.575610261071129,"pDC","HS"
"GO:0016477","cell migration",323,-0.326115152187032,-1.64899882819893,2.29610052608892e-05,0.0102315957097184,0.00913506806091037,859,"tags=31%, list=21%, signal=26%","CORO1A/LCP1/PDE4B/ARHGDIB/RAB1A/DNM1L/SRP54/PDCD6/ARID2/ARID4A/VCL/RNF7/GOLPH3/IL16/GAS6/ARHGAP4/LGMN/RBBP4/TUBGCP2/DGKZ/RREB1/MEF2C/IL17RA/JAK2/PLCG2/CD44/ANO6/BSG/HEXB/MAPK1/CUL3/SUDS3/ARF6/PHB2/XBP1/VAV1/FOXP1/HDAC2/CORO1C/PPP1R9B/AIF1/ARRB2/STAT5A/CALR/SH3BP1/PRCP/DAB2/CSF1R/HSPA5/TIMP1/ITGB2/LGALS8/ROCK1/ATP5F1B/RCC2/ARHGEF2/ICAM2/KIF2A/PIK3CG/DDIT4/VSIR/ST3GAL4/STAT3/SINHCAF/TUBA1A/FLT3/USP33/ADAM10/CCAR1/ARPC5/CXCR4/AIMP1/ATP8A1/GRN/CD2AP/TRADD/RBBP7/PTPRJ/MRTFA/GLUL/PLVAP/MYO1G/ARF4/SOD2/FERMT3/SELPLG/SPN/CCDC88A/ITGAL/RHOB/ITGB7/ABI3/CORO7/HMGB1/RHOC/MAPRE2/LDLRAD4/GPR183/CDC42",0.575610261071129,"pDC","HS"
"GO:0008625","extrinsic apoptotic signaling pathway via death domain receptors",45,-0.55231599167169,-2.03948924626059,7.42980888541811e-05,0.0102372152428368,0.00931887946115012,1553,"tags=44%, list=19%, signal=36%","TRAF2/CASP8/TRADD/BIRC3/GRINA/DIABLO/FADD/DAXX/BCL2/ARHGEF2/DDX3X/MOAP1/GABARAP/BIRC2/ZDHHC3/CASP8AP2/BCL2L1/LGALS3/SPI1/TNFAIP3",0.538434096309916,"T_cells_unresolved","HS"
"GO:0000165","MAPK cascade",312,-0.33704590884994,-1.67098801040926,2.92819043340109e-06,0.0120231499195449,0.00719556269416219,1669,"tags=28%, list=17%, signal=24%","TAB3/RGS2/SOD1/TAOK3/ARAF/AKAP13/CDK12/CIB1/PPP1CB/CRACR2A/MAP3K4/PELI2/MAPK13/PTGER4/MAP2K7/MYDGF/LAT/GSTP1/GRAP2/HMGB1/NELFE/MAP3K6/SHOC2/MAP1LC3A/MAP3K1/RCE1/HIPK3/TENM1/HRAS/KSR1/CD44/GLIPR2/GADD45B/BTLA/ZNF622/DSTYK/NAIP/MFHAS1/ZFP36/MAP3K8/P2RX7/PRKD2/SLAMF1/PHB2/MAPK6/MDFIC/TMEM219/PDGFB/ZNF675/NF1/DUSP4/PEA15/EIF3A/TRAF2/MAPKAPK3/TRAF6/DNAJC27/IL2RB/ARL6IP5/LAX1/CFLAR/PTPN22/VRK2/RBX1/SPAG9/MAP3K5/JAK2/MAPK3/TNF/SLA/DUSP2/TAOK1/DUSP1/NOTCH2/PRXL2C/PER1/ADAM8/SLCO3A1/MINK1/JUN/ERN1/CYLD/ITGB1BP1/OSM/XBP1/DUSP5",0.627256739718528,"GZMK_gamma_delta_T","HS"
"GO:0071346","cellular response to type II interferon",43,-0.586162758123244,-2.15229315590914,6.25269192897572e-06,0.0128367765301872,0.00768249842445679,728,"tags=26%, list=7%, signal=24%","CALM1/CCL5/NLRC5/PIM1/IL12RB1/JAK2/GBP5/TNF/IFNG/IFNGR1/HLA-DPA1",0.610526878385931,"GZMK_gamma_delta_T","HS"
"GO:0051707","response to other organism",395,-0.29085301460008,-1.56577053474282,4.0472581998274e-05,0.0133848610465721,0.007618745217636,515,"tags=27%, list=20%, signal=25%","CIITA/PSME2/HLA-B/PTPRC/CHMP5/PSTPIP1/SPON2/PSMA4/XRCC6/IRF1/GZMB/TSPO/RAB7A/HNRNPUL1/PSMA2/PIK3CD/HSP90AA1/UBE2N/RPL13A/ODC1/LYST/JAK2/GBP1/PTPN2/FGR/UBE2L6/CX3CR1/ZNFX1/CALR/CFL1/IRAK3/HSPD1/NONO/PARP14/PSMA7/PSMD7/SMARCA5/PSMD8/CLEC4A/LILRB1/IFI27/S100A9/PSMA3/OAS2/PSMB3/IFNGR1/EIF2AK2/IFI35/PSMA6/TNFRSF1B/CSNK1A1/NFKBIA/CHMP3/DDX21/C1QA/APOBEC3A/PPT1/PSMA1/LGALS9/GRN/GNLY/ANXA1/CFD/IFIT3/HLA-A/CCL3L1/CLEC7A/RHOA/PARP9/HLA-C/PSMD2/CALM1/LY6E/GSTP1/PHB2/NUB1/IFI44L/IFI6/HLA-E/HMGN2/RTN4/RPS19/CASP1/PSMB7/STAT2/MX2/HSPB1/DDX39A/IRF7/ZFP36/NR1H2/ENO1/GAPDH/PLSCR1/FCN1/XBP1/BST2/HCK/NKG7/LILRB2/TRIM22/BANF1/HMGB2/RNASE2/CCL3/FOS",0.557332238758646,"B_cells","HS"
"GO:1904019","epithelial cell apoptotic process",14,-0.760338995658233,-2.12256597456995,7.15347899836766e-05,0.0147566052480613,0.0131751289939053,914,"tags=71%, list=22%, signal=56%","CAST/NPC1/RB1/SRSF6/JAK2/GSN/ZFP36/EIF2S1/NFKBIZ/CFLAR",0.538434096309916,"pDC","HS"
"GO:0043207","response to external biotic stimulus",396,-0.286972983116474,-1.54777116016729,8.31115339827101e-05,0.0148002462438441,0.00842439117580537,515,"tags=27%, list=20%, signal=25%","CIITA/PSME2/HLA-B/PTPRC/CHMP5/PSTPIP1/SPON2/PSMA4/XRCC6/IRF1/GZMB/TSPO/RAB7A/HNRNPUL1/PSMA2/PIK3CD/HSP90AA1/UBE2N/RPL13A/ODC1/LYST/JAK2/GBP1/PTPN2/FGR/UBE2L6/CX3CR1/ZNFX1/CALR/CFL1/IRAK3/HSPD1/NONO/PARP14/PSMA7/PSMD7/SMARCA5/PSMD8/CLEC4A/LILRB1/IFI27/S100A9/PSMA3/OAS2/PSMB3/IFNGR1/EIF2AK2/IFI35/PSMA6/TNFRSF1B/CSNK1A1/NFKBIA/CHMP3/DDX21/C1QA/APOBEC3A/PPT1/PSMA1/LGALS9/GRN/GNLY/ANXA1/CFD/IFIT3/HLA-A/CCL3L1/CLEC7A/RHOA/PARP9/HLA-C/PSMD2/CALM1/LY6E/GSTP1/PHB2/NUB1/IFI44L/IFI6/HLA-E/HMGN2/RTN4/RPS19/CASP1/PSMB7/STAT2/MX2/HSPB1/DDX39A/IRF7/ZFP36/NR1H2/ENO1/GAPDH/PLSCR1/FCN1/XBP1/BST2/HCK/NKG7/LILRB2/TRIM22/BANF1/HMGB2/RNASE2/CCL3/FOS",0.538434096309916,"B_cells","HS"
"GO:0009607","response to biotic stimulus",403,-0.289459717660354,-1.55101057861456,5.19324664978913e-05,0.0148002462438441,0.00842439117580537,515,"tags=27%, list=20%, signal=25%","CIITA/PSME2/HLA-B/PTPRC/CHMP5/PSTPIP1/SPON2/PSMA4/XRCC6/IRF1/GZMB/TSPO/RAB7A/HNRNPUL1/PSMA2/PIK3CD/HSP90AA1/UBE2N/RPL13A/ODC1/LYST/JAK2/GBP1/PTPN2/FGR/UBE2L6/CX3CR1/ZNFX1/CALR/CFL1/IRAK3/HSPD1/NONO/PARP14/PSMA7/PSMD7/SMARCA5/PSMD8/CLEC4A/LILRB1/IFI27/S100A9/PSMA3/OAS2/PSMB3/IFNGR1/EIF2AK2/IFI35/PSMA6/TNFRSF1B/CSNK1A1/NFKBIA/CHMP3/KLF4/DDX21/C1QA/APOBEC3A/PPT1/PSMA1/LGALS9/GRN/GNLY/ANXA1/CFD/IFIT3/HLA-A/CCL3L1/CLEC7A/RHOA/PARP9/HLA-C/PSMD2/CALM1/LY6E/GSTP1/PHB2/NUB1/IFI44L/IFI6/HLA-E/HMGN2/RTN4/RPS19/CASP1/PSMB7/STAT2/MX2/HSPB1/DDX39A/IRF7/ZFP36/NR1H2/ENO1/GAPDH/PLSCR1/FCN1/XBP1/BST2/HCK/NKG7/LILRB2/TXNIP/TRIM22/BANF1/HMGB2/RNASE2/CCL3/FOS",0.557332238758646,"B_cells","HS"
"GO:0034097","response to cytokine",246,-0.316199494192843,-1.61372616940813,7.74239897145776e-05,0.0148002462438441,0.00842439117580537,517,"tags=29%, list=20%, signal=26%","DOCK8/CIITA/PSME2/NDUFA13/PTPRC/PSMA4/IRF1/TUBA1A/PSMA2/SOCS3/RPL13A/JAK2/GBP1/PTPN2/TNFRSF13C/CX3CR1/CFL1/IRAK3/EGR1/SELPLG/PARP14/PSMA7/PSMD7/PSMD8/LILRB1/IFI27/EZR/PSMA3/MCL1/OAS2/PSMB3/IFNGR1/EIF2AK2/PSMA6/RIPOR2/TNFRSF1B/NFKBIA/KLF4/LIMS1/TMC8/PSMA1/LGALS9/IFIT3/ADAM10/CCL3L1/RHOA/PARP9/PSMD2/CALM1/GSTP1/NUB1/CASP1/PSMB7/STAT2/MX2/ATP5PO/ASAH1/IL16/IRF7/ZFP36/NR1H2/GAPDH/PLSCR1/XBP1/BST2/TNFSF13B/HCK/P4HB/LILRB2/DUSP1/CCL3/FOS",0.538434096309916,"B_cells","HS"
"GO:1901652","response to peptide",248,-0.317566150812912,-1.64253156120852,7.07042325959162e-05,0.0148002462438441,0.00842439117580537,517,"tags=29%, list=20%, signal=26%","DOCK8/CIITA/PSME2/NDUFA13/PTPRC/PSMA4/IRF1/TUBA1A/PSMA2/SOCS3/RPL13A/JAK2/GBP1/PTPN2/TNFRSF13C/CX3CR1/CALR/CFL1/IRAK3/EGR1/SELPLG/PARP14/PSMA7/PSMD7/PSMD8/LILRB1/IFI27/EZR/PSMA3/MCL1/OAS2/PSMB3/IFNGR1/EIF2AK2/PSMA6/RIPOR2/TNFRSF1B/NFKBIA/KLF4/LIMS1/TMC8/PSMA1/LGALS9/IFIT3/ADAM10/CCL3L1/RHOA/PARP9/PSMD2/CALM1/GSTP1/NUB1/CASP1/PSMB7/STAT2/MX2/ATP5PO/ASAH1/IL16/IRF7/ZFP36/NR1H2/GAPDH/PLSCR1/XBP1/BST2/TNFSF13B/HCK/P4HB/LILRB2/DUSP1/CCL3/FOS",0.538434096309916,"B_cells","HS"
"GO:0002683","negative regulation of immune system process",134,-0.374357968509699,-1.75251686671587,7.11563645707093e-05,0.0148002462438441,0.00842439117580537,552,"tags=36%, list=21%, signal=30%","NMI/PLD3/VSIR/HLA-B/PTPRC/PSMA4/IRF1/PSMA2/CSK/BANK1/GBP1/PTPN2/FGR/TMBIM6/ID2/CX3CR1/IRAK3/PARP14/PSMA7/LILRB1/CD72/EZR/PSMA3/PSMB3/PSMA6/RIPOR2/CSNK1A1/PPT1/PSMA1/LGALS9/GRN/ANXA1/HLA-A/HLA-E/RPS19/STAT2/DDX39A/NR1H2/BST2/HCK/LILRB2/BANF1/CST7/DUSP1/MAFB/CCL3/CD69/CLEC12A",0.538434096309916,"B_cells","HS"
"GO:0002695","negative regulation of leukocyte activation",52,-0.496032927156067,-1.95024145746908,8.04530470614608e-05,0.0148002462438441,0.00842439117580537,521,"tags=48%, list=20%, signal=39%","VSIR/PTPRC/PSMA4/IRF1/PSMA2/CSK/BANK1/PTPN2/FGR/ID2/PSMA7/LILRB1/PSMA3/PSMB3/PSMA6/RIPOR2/PSMA1/LGALS9/GRN/ANXA1/HLA-E/LILRB2/CST7/CD69/CLEC12A",0.538434096309916,"B_cells","HS"
"GO:0006959","humoral immune response",89,-0.470964347393164,-1.98222313202244,1.01221891960958e-05,0.0148425034245419,0.0124289939354732,2153,"tags=36%, list=20%, signal=29%","TOR2A/TRAF3IP2/ZP3/HLA-E/C1QBP/HLA-DRB1/SERPING1/IGHM/FCGR2B/CD55/BCL2/CD83/FCN1/HMGN2/C2/BLNK/CXCL1/CCL3L1/HLA-A/IGHG1/IL1B/JCHAIN/GPR183/IGHA1/CCL3/IL6/ADM/RNASE3/CXCL2/ELANE/CXCL3/CXCL8",0.593325476396405,"Neutrophils","HS"
"GO:0098542","defense response to other organism",311,-0.295790836600569,-1.54924527838698,9.52618730264599e-05,0.0157522311468753,0.00896626683682228,515,"tags=28%, list=20%, signal=26%","CIITA/PSME2/HLA-B/PSTPIP1/SPON2/PSMA4/XRCC6/IRF1/GZMB/PSMA2/PIK3CD/HSP90AA1/UBE2N/RPL13A/LYST/JAK2/GBP1/PTPN2/FGR/UBE2L6/CX3CR1/ZNFX1/IRAK3/HSPD1/NONO/PARP14/PSMA7/PSMD7/SMARCA5/PSMD8/CLEC4A/LILRB1/IFI27/S100A9/PSMA3/OAS2/PSMB3/IFNGR1/EIF2AK2/IFI35/PSMA6/CSNK1A1/NFKBIA/DDX21/C1QA/APOBEC3A/PPT1/PSMA1/LGALS9/GRN/GNLY/ANXA1/CFD/IFIT3/HLA-A/CCL3L1/CLEC7A/PARP9/HLA-C/PSMD2/CALM1/LY6E/PHB2/NUB1/IFI6/HLA-E/HMGN2/RTN4/RPS19/CASP1/PSMB7/STAT2/MX2/DDX39A/IRF7/NR1H2/GAPDH/PLSCR1/FCN1/BST2/HCK/NKG7/TRIM22/BANF1/HMGB2/RNASE2/CCL3",0.538434096309916,"B_cells","HS"
"GO:0002250","adaptive immune response",316,-0.301404418252571,-1.5611030462391,9.71682759966451e-05,0.0172028335295727,0.0157562788062428,1793,"tags=27%, list=17%, signal=23%","LAT/TAP1/SOCS3/SOCS5/RC3H1/CD79A/PTK2B/CD55/IL12RB1/SMAD7/IFNG/NCKAP1L/PRKAA1/MCOLN2/MSH2/CD160/IGHV1-18/HLA-A/KLRC1/FCGR3A/IL21R/PSMA5/SLAMF6/PSMB1/HLA-DMA/IL6ST/IGHV4-34/IGKV3-15/RAP1GAP2/ADCY7/SH2D1A/IGLV2-11/DBNL/IL12RB2/SHLD2/STX7/IGLV1-51/IL18BP/AKIRIN2/NBN/TRBV7-9/IGLV1-44/SAMSN1/MALT1/HLA-DRA/TRGV3/IGHG1/HLA-DPB1/IGLV4-69/MEF2C/IGKV1-9/IGLV1-40/HLA-DQB1/LIME1/IGLV3-25/HLA-DRB1/DENND1B/PCYT1A/TXK/CTSC/FCER1G/IGHA1/HLA-DPA1/CD8B/IGLC2/PSMA4/JUNB/IGHV4-39/PRKCQ/SLA2/PSMA6/IRF4/CRACR2A/MAD2L2/TRBV19/IGHV3-23/CD69/RNF125/SH2D1B/IGKV1-5/JCHAIN/IGLV6-57/NFKBIZ/TRGV9",0.538434096309916,"NK","HS"
"GO:0032968","positive regulation of transcription elongation by RNA polymerase II",52,-0.530532556286728,-1.91118701389997,9.93784744142276e-05,0.0199514118157325,0.0125137034792739,3066,"tags=58%, list=29%, signal=41%","MED20/ELL2/MAP2K1/MED16/MED29/MED7/MED6/MED11/GTF2F1/EAPP/MED15/MED27/PPP1R10/TOX4/CCNK/MED23/CDK9/NCBP1/PPP1CA/MED8/CDC73/MED26/MED10/TCERG1/ZMYND8/SUPT5H/CCNT2/ELL/MED1/MED18",0.538434096309916,"Plasma_cells","HS"
"GO:0022008","neurogenesis",304,-0.316819790128192,-1.60462631307747,0.00010457455783489,0.0201340882018108,0.0179763031384453,809,"tags=27%, list=19%, signal=23%","BCL11A/FBXO7/ACTB/SPEN/FRYL/RNF7/C1QA/RB1/NIF3L1/DICER1/ARHGAP4/BTBD1/TUBGCP2/RTN3/LST1/MEF2C/JAK2/RUNX2/BSG/RAB8A/HEXB/MAPK1/ANXA2/ARF6/TAOK1/ACSL4/NAP1L1/APLP2/BLOC1S1/XBP1/RUNX1/RAB10/TRAPPC4/HDAC2/PPP1R9B/PPP1R12A/BHLHE40/RAPGEF1/CALR/DAB2/CSF1R/SIRT2/ITM2C/ROCK1/MEF2A/ARHGEF2/RTCA/DDIT4/STAT3/YWHAG/ULK1/SRRT/TUBA1A/USP33/CXCR4/GRN/NREP/TNFRSF21/UGCG/GRB2/CDK6/SETX/NDRG1/PTPRJ/ARF4/YWHAZ/MAP4/CCDC88A/TNFRSF1B/ABI3/RGS2/CUX1/CFLAR/BIN1/EIF2AK4/ZDHHC17/HMGB1/AREG/ACSL3/GPR183/CDC42/FOS",0.538434096309916,"pDC","HS"
"GO:0001738","morphogenesis of a polarized epithelium",10,-0.811557870382196,-2.05824801319264,5.31352814581246e-05,0.0208442118405729,0.0155569355356501,519,"tags=80%, list=16%, signal=68%","MSN/PAFAH1B1/CDC42/SH3BP1/ACTG1/RAB10/ACTB/RHOA",0.557332238758646,"SIGLEC1_macrophage_monocyte","HS"
"GO:0006508","proteolysis",351,-0.325054074124318,-1.53962529653009,0.000120040097656219,0.022003871813853,0.0138010247002863,3110,"tags=38%, list=29%, signal=28%","MBTPS2/ATG4C/P4HB/USP14/ASRGL1/LNPEP/ST14/BAD/TRIM32/GZMA/THOP1/USP47/LONP2/S100A10/ATP6AP2/STOML2/SVBP/CTSD/TM2D3/PSEN1/TASP1/HDAC6/FBXO3/IFNG/RNPEP/CARD16/PREP/CLN6/PIGK/EIF3F/RNF139/COPS5/C1RL/RUNX1/HDAC2/CLN8/CASP9/PRCP/OTUB1/PIK3C3/VHL/SENP6/TRAF3/CASP2/ATG4A/MBTPS1/SDE2/OTULIN/ADAM17/YOD1/KDM8/ADAM28/STAMBPL1/CTSB/CYFIP2/ASPH/PRNP/KLK1/PSMD14/ATXN3/XPNPEP1/CHAC1/TIMP1/USP4/CASP7/PTPN1/AGA/FBXW2/SENP5/SLC30A5/PMPCB/USP40/OGT/OTUD7B/IMMP2L/MDM2/CPD/SPPL3/BLMH/TYSND1/RBMX/TIMP2/USP15/PREPL/DPP7/CASP3/METAP2/SCRN2/NLRP7/MALT1/SCPEP1/TNFAIP3/HMCES/CNDP2/CAPN12/NAPSA/ANXA2/FBXW11/ADAMTS6/USP3/ALG13/CYLD/PRSS21/TPP1/ERMP1/BACE2/MIPEP/SPRTN/NRDC/BAK1/RHBDD1/BAG2/TSPAN17/USP19/VSIR/PSMB7/CFLAR/DPEP1/USP12/DAG1/GZMK/USP33/CTSH/DESI2/CASP8/CLPX/ADAM19/MINDY3/USP10/TPP2/CTSC/PERP/USP38",0.538434096309916,"Plasma_cells","HS"
"GO:0050866","negative regulation of cell activation",54,-0.487185330689579,-1.95738358293523,0.000175272178244792,0.0226205481456498,0.0128757551090985,521,"tags=46%, list=20%, signal=38%","VSIR/PTPRC/PSMA4/IRF1/PSMA2/CSK/BANK1/PTPN2/FGR/ID2/PSMA7/LILRB1/PSMA3/PSMB3/PSMA6/RIPOR2/PSMA1/LGALS9/GRN/ANXA1/HLA-E/LILRB2/CST7/CD69/CLEC12A",0.518848077743792,"B_cells","HS"
"GO:0006954","inflammatory response",487,-0.302756900687361,-1.5576575221376,3.05557548229451e-05,0.0229875961136824,0.0192496295615229,2096,"tags=25%, list=19%, signal=21%","CYLD/ZP3/TLR5/GRN/HLA-E/ACVR1/AIMP1/HLA-DRB1/IL10RA/RIPK2/CCRL2/HBB/RHBDF2/IL17RC/GZMA/ADCY7/HMOX1/TRAF2/NR4A3/MAPK8/TLR7/LPL/KDM6B/HDAC9/FCGR2B/CUL1/BIRC3/CHID1/C5AR2/SERPINF2/ADAM17/AHR/CSNK1A1/HBA2/ZDHHC9/AIM2/LPCAT3/BCL6/APPL1/LATS1/CD47/TFRC/TMIGD3/DHX33/ZEB2/PTPN22/PDCD4/CD163/F2RL1/PLK2/CLOCK/ZC3H12A/CD68/C5AR1/CLEC7A/IFNGR1/DDX3X/BLOC1S6/TNFRSF1A/ACER3/HIF1A/FFAR2/NFKBIZ/BLNK/CXCL1/NAPEPLD/TBK1/NR1D1/TICAM1/KLF4/PTGS2/SLAMF8/TXNIP/PIK3CG/CASP3/IL15/NLRP3/CXCR4/TRAF5/UACA/ZNF580/PER1/CCL3L1/LDLR/IGHG1/C3AR1/IL1B/EZH2/RB1/PTGFR/IL10/OSM/CCR1/ARNT/CHUK/HAVCR2/CD69/ZFP36/NAMPT/CCL3/IL6/NFKBIA/NEAT1/ADM/NR4A1/STAT3/XBP1/FFAR3/FOS/CXCL2/IL1R2/PTX3/CLEC12A/ELANE/NAIP/CXCL3/CXCL8/TNFAIP3/MAP3K8/NR1H3/NR1D2/PLD3",0.557332238758646,"Neutrophils","HS"
"GO:0050673","epithelial cell proliferation",139,-0.41202979081747,-1.84545344398678,3.13538478477141e-05,0.0229875961136824,0.0192496295615229,2417,"tags=38%, list=22%, signal=30%","TCF7L2/TNF/VEGFA/KLF9/NUS1/BRCA2/DAB2/TRAF3IP2/ERN1/EGR3/GRN/AIMP1/CDKN1B/HMOX1/NR4A3/SYNJ2BP/DUSP10/RREB1/NRP1/ADAM17/CDC73/NME1/NOTCH2/ITGB1BP1/ZEB2/MAP2K5/NRP2/NF1/C5AR1/CLEC12B/SPARC/HIF1A/NFKBIZ/NR1D1/CDK6/RPTOR/MAGED1/ZNF580/PRKCA/IL10/MED1/ID2/ARNT/ZFP36/IL6/NEAT1/NR4A1/STAT3/XBP1/RICTOR/TNFAIP3/AREG/EREG",0.557332238758646,"Neutrophils","HS"
"GO:0033002","muscle cell proliferation",89,-0.456260609033724,-1.92033715176806,2.7928929414114e-05,0.0229875961136824,0.0192496295615229,2094,"tags=34%, list=19%, signal=28%","ERN1/ABL1/CDKN1B/HMOX1/NR4A3/FOXJ2/PIM1/SERPINF2/MDM2/HBEGF/CTNNB1/MEF2D/PDCD4/DDIT3/KLF4/PRKCA/IL10/ID2/TRIB1/JUN/DIPK2A/IL6/RUNX1/STAT3/XBP1/FOS/ELANE/TNFAIP3/CDKN1A/EREG",0.575610261071129,"Neutrophils","HS"
"GO:0030097","hemopoiesis",422,-0.297549369820684,-1.51966827590767,0.00018348489595547,0.0235961576198734,0.0214794495758757,1267,"tags=21%, list=16%, signal=18%","JAGN1/ST3GAL1/FADD/SLC1A5/RASGRP1/PSMA2/UFL1/KLF13/OGT/LYAR/TFE3/PSMA3/HLA-DRB1/MR1/MFHAS1/STAT4/FCRL3/PITHD1/NFE2L2/SLAMF1/RELB/ITGB1/NR3C1/HDAC5/CD74/KLF6/STAT5B/SNRK/PTPN22/PTBP3/RORA/GLUL/KAT6A/MYB/TPM4/RTKN2/SMARCC1/TET2/RHOH/ACTB/KLF3/OSTM1/PSMB3/GLRX5/CDK6/IRF2BP2/TFRC/PSMA4/ICOS/RABL3/NUDT21/KAT7/IRF4/TNFSF8/TP53/STAT3/DNAJB9/ANXA2/HEATR3/DMTN/HLA-DRA/DCAF1/NFKBIZ/CRTAM/XBP1/AHSP/ZFP36/BLVRB/RUNX2/SPI1/TNFSF13B/SOCS3/HSPA1A/HBM/JUNB/FOS/SNX10/OPA1/HBA1/TRIM58/SOCS1/CTLA4/HBA2/CD69/HBB/HBD/ALAS2",0.518848077743792,"T_cells_unresolved","HS"
"GO:0043408","regulation of MAPK cascade",252,-0.340384922846908,-1.65420488881857,2.45449065318626e-05,0.025195346554957,0.0150788018905614,1669,"tags=28%, list=17%, signal=24%","TAB3/RGS2/SOD1/TAOK3/AKAP13/CDK12/CIB1/CRACR2A/MAP3K4/PELI2/MAP2K7/MYDGF/LAT/GSTP1/GRAP2/HMGB1/NELFE/SHOC2/HIPK3/TENM1/HRAS/KSR1/CD44/GLIPR2/GADD45B/BTLA/ZNF622/DSTYK/NAIP/MFHAS1/P2RX7/PRKD2/SLAMF1/PHB2/MDFIC/TMEM219/PDGFB/ZNF675/NF1/DUSP4/EIF3A/TRAF2/TRAF6/DNAJC27/IL2RB/ARL6IP5/LAX1/CFLAR/PTPN22/VRK2/MAP3K5/JAK2/MAPK3/TNF/SLA/DUSP2/TAOK1/DUSP1/NOTCH2/PRXL2C/PER1/ADAM8/SLCO3A1/MINK1/ERN1/CYLD/ITGB1BP1/OSM/XBP1/DUSP5",0.575610261071129,"GZMK_gamma_delta_T","HS"
"GO:0046637","regulation of alpha-beta T cell differentiation",44,-0.565048525521189,-2.08240645149889,2.10942630653265e-05,0.025195346554957,0.0150788018905614,1627,"tags=52%, list=16%, signal=44%","ZBTB16/EP300/OPA1/SOCS1/AP3B1/HMGB1/MALT1/RUNX3/BRD2/ZNF683/HLA-DRB1/LGALS1/TBX21/CBFB/NFKBIZ/ZBTB7B/SLC4A2/JUNB/IL12RB1/PNP/ANXA1/PRDM1/CD69",0.575610261071129,"GZMK_gamma_delta_T","HS"
"GO:2000630","positive regulation of miRNA metabolic process",34,-0.574558073441193,-1.98579924584307,0.000176733680146467,0.0264116519987133,0.0204778029852968,223,"tags=26%, list=2%, signal=26%","NFKB1/NOTCH2/STAT3/EGR1/MYB/SREBF2/FOS/JUN/NEAT1",0.518848077743792,"Naive_T_TCF7_","HS"
"GO:0048871","multicellular organismal-level homeostasis",173,-0.364136161889808,-1.6862688584244,7.74446656495295e-05,0.026582881484201,0.0198399525376429,627,"tags=31%, list=19%, signal=27%","VCL/PRKACA/RPS19/PPP2CA/LTB/VPS13B/STK11/CSK/CXCR4/TLE3/GPBAR1/PICALM/EGR1/HSPA1A/PLAC8/CTSH/ARAP1/TLR4/HMGB1/ZEB2/RPS17/PRKAR1A/ANXA1/PSMA6/ADIPOR1/PSMB9/TFRC/PSMB1/NFKBIZ/RCOR1/IKZF1/JAK3/ACSL1/ID2/PTPN2/PSMA7/TPP1/PTBP3/SIVA1/ACTG1/BSG/RAB7A/IL1B/ACTB/RPS24/NOTCH1/RAC2/RPS14/CEBPB/LYN/STAT1/GLUL/ZFP36/G0S2",0.538434096309916,"SIGLEC1_macrophage_monocyte","HS"
"GO:0061844","antimicrobial humoral immune response mediated by antimicrobial peptide",36,-0.588457486517246,-2.08030847953328,4.53051886315622e-05,0.0284710749700346,0.0238414510017124,849,"tags=28%, list=8%, signal=26%","HMGN2/CXCL1/CCL3L1/CCL3/ADM/RNASE3/CXCL2/ELANE/CXCL3/CXCL8",0.557332238758646,"Neutrophils","HS"
"GO:0042981","regulation of apoptotic process",347,-0.310007858993612,-1.54893499754636,0.00010522017517743,0.0288934601037222,0.0215644371527904,716,"tags=31%, list=22%, signal=27%","PML/NOC2L/ITGA4/RPS3A/ATOX1/PPP1R10/HSPA5/BTG1/UBQLN1/DNAJA1/STK4/IL6ST/RAF1/ARHGEF2/HSP90AA1/CDKN2D/MDM2/NAA38/NME2/SLK/CITED2/LTB/YME1L1/ANP32B/PYCARD/MNDA/BNIP3L/ITPR1/MAP3K20/RPS3/EGR1/HSPA1A/CTSH/URI1/BCL3/EPC1/CALR/TLR4/HMGB1/SET/SFPQ/ZEB2/KLF4/EIF5A/ARF4/FNIP1/CARD8/RICTOR/ANKLE2/YWHAZ/BCL2A1/ANXA1/MDM4/TFRC/JAK3/TPT1/LRRK2/HIGD2A/PTPN2/HSP90B1/MORF4L1/CCL3/ATF3/TNFRSF1A/ATF5/IFI6/EVI2B/PIAS1/NR4A2/PLAUR/TXNIP/RBX1/NAIP/MICAL1/BNIP2/BTG2/ST3GAL1/GSN/RPS7/YBX3/KHDRBS1/PPIA/BAG1/CFL1/CCNL1/SOD2/STK17B/CBL/SAP18/DDX3X/PLK3/IL1B/ACTB/NOTCH1/MCL1/DUSP1/RPS6/TNFSF12/LYN/STAT1/ZFP36/SOCS3/TMBIM6/G0S2/RHOB/FCGR2B",0.538434096309916,"SIGLEC1_macrophage_monocyte","HS"
"GO:0051093","negative regulation of developmental process",216,-0.350614625022,-1.6629427304316,9.96019924047004e-05,0.0288934601037222,0.0215644371527904,604,"tags=29%, list=18%, signal=25%","PPP2CA/ANP32B/HHEX/RPL4/PTEN/ZBTB16/RPL15/TRIB1/CALR/RPL10/TLR4/EREG/HMGB1/KLF4/NFKBIA/ANXA1/PSMA6/RPL8/SMARCC1/ADIPOR1/RPL35/PSMB9/TFRC/PSMB1/RPLP0/JAK3/TPT1/ARF6/ARID4B/ID2/PTPN2/ROCK1/RPL23A/CCL3/AGO1/RPL6/PSMA7/RPLP2/CLEC12A/RPL39/RPL24/B2M/TMSB4X/RBX1/RBBP4/ABCA1/CFL1/IL1B/RPLP1/ACTB/RPL27A/NOTCH1/RPL9/PGK1/SRGN/DYNLT1/CDKN1B/CDKN1A/LYN/STAT1/ZFP36/KLF2/FCGR2B",0.538434096309916,"SIGLEC1_macrophage_monocyte","HS"
"GO:0002822","regulation of adaptive immune response based on somatic recombination of immune receptors built from immunoglobulin superfamily domains",108,-0.421085924097406,-1.80849596799848,0.000145224266037488,0.0289326344564686,0.0179364677892217,2323,"tags=35%, list=19%, signal=29%","CARD9/TNFRSF14/NFKBID/DENND1B/TNFRSF1B/PRKCQ/HLA-A/HFE/HLA-C/TFRC/SLAMF1/BRD2/TRAF6/SHLD2/FUT7/RIPK3/LAG3/STX7/ANXA1/RC3H2/HAVCR2/MLH1/CD55/HLA-DRB1/C4BPB/PARP3/IL18R1/MR1/CEACAM1/IL12RB1/MALT1/CR1/JUNB/OPA1/TNFAIP3/CD69/NFKBIZ/AHR",0.518848077743792,"Naive_CD8_T","HS"
"GO:0046530","photoreceptor cell differentiation",11,-0.775909692886656,-2.03683990920012,0.000159136430219339,0.0307815323595692,0.0224544449717368,1383,"tags=64%, list=14%, signal=54%","AHI1/BBS4/ARL3/RDH13/TOPORS/STAT3/RAB37",0.518848077743792,"Memory_atypical_B","HS"
"GO:0002250","adaptive immune response",410,-0.299543452526706,-1.50325441542209,0.00016728191515639,0.0318781145274113,0.0197624856893803,2254,"tags=29%, list=18%, signal=24%","TRAV19/TNFRSF14/HLA-DPB1/CD40/NFKBID/IGHV4-34/DENND1B/IGLV1-44/PAG1/TNFRSF1B/GATA3/TRAV22/TRGV9/ALCAM/ITK/PRKCQ/HLA-A/HFE/HLA-C/CD74/TFRC/PSMA6/SLAMF1/HLA-DPA1/BRD2/IGLV3-25/TAP1/TRAF6/TAP2/TRAV3/MCOLN2/TRBV28/TRGV3/TFE3/SHLD2/IGLV2-8/HLA-DOA/FUT7/RIPK3/NBN/LAG3/STX7/IGHV3-15/IGHV4-39/ANXA1/RC3H2/HAVCR2/TRGV5/CTSS/TRAT1/PSMA3/PCYT1A/MLH1/IGKV1-39/TRDC/CTSH/CD55/HLA-DRB1/JCHAIN/TRAV38-1/BCL10/SAMSN1/RNF125/GPR183/C4BPB/PRDM1/PRR7/RAP1GAP2/KLHL6/IGKV1-5/PARP3/TNFRSF13C/IGHV1-18/IL18R1/TRBV16/MR1/BTN3A1/IGHV6-1/TRAV8-1/IGKV1D-39/CEACAM1/IGHM/TRBV11-3/TXK/TRAV8-6/IGHV3-23/IL12RB1/IGKV3-15/IGHV4-59/MALT1/IGLV1-51/IGHA1/JAK2/IGLV3-21/STAT4/SLAMF7/IGLC2/RTKN2/TRAV38-2DV8/FCER1G/AKIRIN2/CR1/CTLA4/JUNB/SOCS3/CD8B2/OPA1/IGHG1/HLA-DQB1/STAT3/IGKV1-9/IGLV6-57/TNFAIP3/CD84/CD69/NFKBIZ/AHR",0.518848077743792,"Naive_CD8_T","HS"
"GO:0019884","antigen processing and presentation of exogenous antigen",24,-0.641793035177314,-2.05101968972897,0.000129506148742831,0.0323294440407103,0.0241288603614054,678,"tags=54%, list=21%, signal=43%","CTSS/HLA-DMB/LNPEP/HLA-DRB1/MPEG1/IFI30/HLA-C/B2M/HLA-DRA/HLA-B/HLA-DPB1/HLA-DPA1/FCGR2B",0.518848077743792,"SIGLEC1_macrophage_monocyte","HS"
"GO:0043066","negative regulation of apoptotic process",396,-0.299616542727461,-1.51316173485018,0.000135221834201962,0.0357735559586549,0.0214096028425273,2034,"tags=31%, list=21%, signal=25%","SLC7A5/GLO1/FXN/PRDX5/PSMD10/HTRA2/FBXO7/HSPA1B/CTNNB1/MTDH/AREL1/TNFAIP8/ITCH/PRMT1/NFKB1/CASP2/HYOU1/PIK3CB/PHIP/TFRC/NFE2L2/TSC22D3/SIAH2/RFFL/SOD1/ARAF/EEF2K/YME1L1/HSPA9/CIB1/BCL2L12/DAD1/RB1/CPEB4/OPA1/BTG2/TMBIM4/PTTG1IP/MYDGF/DDX3X/GSTP1/SUPV3L1/PPARA/ITGA5/TNFSF14/GATA3/GHITM/ZNF830/HIPK3/BCL2L1/NNT/MALT1/PIAS1/CAAP1/PIK3R1/IER3/CD44/BIRC3/TNFRSF18/ST3GAL1/FOXB1/RASA1/DSTYK/NAIP/FAIM/RICTOR/SELENOS/CCND2/CX3CR1/ENO1/VHL/DIPK2A/GCLC/HSPA5/ARMC10/FLNA/BCL2/CCL5/BCL2A1/HERPUD1/PHB2/ARF4/TRIM32/AKT3/PRDX2/PEA15/TMEM14A/TRAF2/GCLM/ACAA2/ANXA5/IL2RB/PIM3/NPC1/PLK3/CFLAR/HIGD1A/PIM1/BCL3/JAK2/CSNK2A1/PRNP/CITED2/SOD2/CD40LG/TNF/ANXA1/PIM2/STAT3/DUSP1/NOTCH2/NUGGC/ADAM8/SOCS3/HSPA1A/ITGB1/TIMP1/TNFAIP3/NR4A2/XBP1/CLU",0.518848077743792,"GZMK_gamma_delta_T","HS"
"GO:0006954","inflammatory response",366,-0.304461833252134,-1.54215189694578,0.000133509614306106,0.0357735559586549,0.0214096028425273,1954,"tags=30%, list=20%, signal=25%","TNIP1/RPS19/APOL3/AREL1/ITCH/ADGRE5/CSF1/NFKB1/RPS6KA5/CASP6/ANO6/IL4R/CEBPB/TNFRSF1B/CUL1/CASP7/TFRC/IL18R1/LETMD1/SOD1/CCR2/ITGAM/CXCR4/TMSB4X/RB1/MAPK13/PTGER4/LAT/DDX3X/GSTP1/FURIN/CCL28/PPARA/TNFSF14/HMGB1/NR4A1/LY96/GATA3/IFI27/HK1/LAMP2/LIAS/NFKBIA/RELB/PSMA6/CD44/BIRC3/NINJ1/LATS1/NKG7/KLRG1/NAIP/PSTPIP1/RHBDF2/MFHAS1/ZFP36/GPR68/SELENOS/THEMIS2/HLA-DRB1/CX3CR1/LGALS1/TBX21/MAP3K8/P2RX7/IL17RA/CCL5/TMEM219/TBK1/PPP2CA/TRAF2/APOL2/ABCD2/CSNK1A1/ZDHHC12/NFKBIZ/CST7/PTPN22/RBX1/JAK2/MAPK3/GBP5/FUT7/CD40LG/TNF/TSPAN18/CD200R1/ANXA1/TNFRSF4/STAT3/ARNT/PER1/IFNG/ADAM8/IL2RA/RORA/ITGB1/TNFAIP3/AHR/CYLD/TRADD/CCR4/CD69/FOS/OSM/IFNGR1/XBP1/CLU/NEAT1",0.518848077743792,"GZMK_gamma_delta_T","HS"
"GO:0097190","apoptotic signaling pathway",336,-0.311486349981114,-1.57785397836061,0.000120482337898384,0.0357735559586549,0.0214096028425273,2028,"tags=30%, list=20%, signal=25%","PDK2/FXN/CASP8/PSMD10/HTRA2/FBXO7/HSPA1B/CTNNB1/NCK1/DIABLO/CASP2/CASP6/RIPK3/CEBPB/HYOU1/TNFRSF1B/CUL1/PIK3CB/PHIP/CASP7/NFE2L2/SIAH2/LTB/RFFL/SOD1/CIB1/BCL2L12/EP300/DDIT4/RB1/FASTK/OPA1/PTTG1IP/CUL2/DDX3X/TRIM39/GSTP1/TNFSF14/HINT1/BCAP31/IFI27/CYCS/MSH6/GHITM/TIMM50/TNFRSF25/BCL2L1/USP28/PDCD5/CD44/BIRC3/ZNF622/FAIM/TNFSF10/CASP8AP2/SELENOS/CX3CR1/ENO1/P2RX7/ARMC10/BCL2/ABL1/BCL2A1/HERPUD1/P2RX4/TRIM32/SGPL1/PEA15/DAP3/TMEM14A/RHOT1/TRAF2/DDX47/ACAA2/ARL6IP5/NFKBIZ/STX4/CFLAR/BCL3/MAP3K5/JAK2/PMAIP1/CSNK2A1/PPP1R15A/SOD2/CD40LG/TNF/PLSCR3/STAT3/DNAJC10/IFNG/HSPA1A/CIDEB/CRIP1/TNFAIP3/DAPK2/ERN1/CYLD/TRADD/NR4A2/XBP1/CLU",0.538434096309916,"GZMK_gamma_delta_T","HS"
"GO:0019725","cellular homeostasis",347,-0.310997712293419,-1.58053445723986,7.43637242249831e-05,0.0357735559586549,0.0214096028425273,1754,"tags=26%, list=18%, signal=22%","FGGY/CUL1/SLC12A2/TFRC/NFE2L2/SLC39A6/SOD1/ATP6V0E2/CCR2/PIH1D1/BOLA2/COX11/VPS33A/SLC30A5/GSTP1/RAB11B/RAB11FIP2/TMC6/HK1/FXYD5/LAMP2/LETM1/NNT/WDR7/PRDX1/ATP2B4/PIK3R1/ATP13A2/TMEM165/SLC39A10/ORMDL1/BOLA3/SLC4A7/SCO1/SLC9A8/DMXL1/ATP6V0B/RAB7A/SELENOS/HLA-DRB1/SLC11A2/CHP1/GCLC/P2RX7/SLC9A9/BCL2/CCL5/FTH1/IDE/HERPUD1/CCDC47/ATP2B1/ATP6V1H/TRIM32/PRDX4/PRDX2/ORMDL2/ATP13A3/RHOT1/GLUL/ATP1B3/GCLM/SELENOT/XPR1/PIM3/NFE2L1/C19orf12/SLC4A2/STX4/OXSR1/RBX1/OSBPL2/CYB561/PRNP/NELL2/DMTN/SOD2/RYR1/TESC/ABCA2/TAOK1/SLC9A6/IFNG/ERP44/MICU2/FXYD7/ERN1/CALR/XBP1/PHPT1",0.538434096309916,"GZMK_gamma_delta_T","HS"
"GO:0034976","response to endoplasmic reticulum stress",206,-0.350698637899539,-1.65825792228057,0.000102550720985603,0.0357735559586549,0.0214096028425273,2583,"tags=38%, list=26%, signal=29%","SIGMAR1/OS9/EDEM1/EDEM2/UBXN8/PPP1R15B/DDIT3/SELENOK/ATF6B/SIK2/RNF5/ERP29/UBE2J1/IKBKG/UBA5/SEL1L/UBQLN2/TMEM33/TMEM258/UFD1/NCK1/TARDBP/PIAS2/USP13/CEBPB/HYOU1/NFE2L2/ERMP1/ATG10/OPA1/MANF/TMBIM4/HM13/DDX3X/TBL2/RNF103/RPAP2/BCAP31/FAF2/DNAJB12/BCL2L1/SVIP/PIK3R1/HERPUD2/PDIA6/SELENOS/AATF/RASGRF2/HSPA5/BCL2/ABL1/HERPUD1/CCDC47/AKT3/PDIA3/RNF145/TRAF2/TMUB2/SEC61B/MAP3K5/PMAIP1/PPP1R15A/RNF139/STAT3/DNAJC10/ECPAS/DNAJB9/ERP44/CANX/TMTC3/HSPA1A/ATF6/CREB3L2/JUN/ERN1/CALR/NIBAN1/XBP1/CLU",0.538434096309916,"GZMK_gamma_delta_T","HS"
"GO:0098739","import across plasma membrane",87,-0.437833635504856,-1.83606958625111,0.000148112628177578,0.0357735559586549,0.0214096028425273,1761,"tags=37%, list=18%, signal=31%","TRPV2/SLC39A1/SLC27A4/SLC12A2/NFE2L2/SLC39A6/RGS2/SLC30A5/SHOC2/FXYD5/ATP2B4/PIK3R1/SLC39A10/PPP3CA/SELENOS/SLC9A9/PEA15/LRRC8B/ATP1B3/SLC3A2/SLC2A1/ARL6IP5/PRNP/TNF/SLC9A6/IFNG/ITGB1/SLC2A3/FXYD7/SLC7A1/SLC38A5/SLC1A5",0.518848077743792,"GZMK_gamma_delta_T","HS"
"GO:0071805","potassium ion transmembrane transport",48,-0.520136560323583,-1.92625440895858,0.000105878571841889,0.0357735559586549,0.0214096028425273,1790,"tags=42%, list=18%, signal=34%","ANO6/SLC12A2/ANK3/KCNA3/CAB39/FXYD5/GHITM/LETM1/WWP2/SLC9A8/CD63/P2RX7/SLC9A9/FLNA/KCNK12/ATP1B3/FHL1/OXSR1/SLC9A6/FXYD7",0.538434096309916,"GZMK_gamma_delta_T","HS"
"GO:0002709","regulation of T cell mediated immunity",55,-0.51576608916546,-1.98171129133414,8.07354683938935e-05,0.0357735559586549,0.0214096028425273,1781,"tags=42%, list=18%, signal=34%","RIPK3/TNFRSF1B/IL18R1/CCR2/MR1/HMGB1/CD274/CD55/MALT1/KLRD1/HLA-C/BTLA/HLA-DRB1/TBX21/SLAMF1/HLA-A/TRAF2/TRAF6/IL12RB1/MAPK3/DENND1B/FUT7/AHR",0.538434096309916,"GZMK_gamma_delta_T","HS"
"GO:1902475","L-alpha-amino acid transmembrane transport",29,-0.599201067491747,-1.99231275828982,0.000144643130563661,0.0357735559586549,0.0214096028425273,482,"tags=31%, list=5%, signal=30%","SLC3A2/ARL6IP5/SLC38A9/TNF/TTYH2/ITGB1/SLC7A1/SLC38A5/SLC1A5",0.518848077743792,"GZMK_gamma_delta_T","HS"
"GO:0009311","oligosaccharide metabolic process",22,-0.652599287324476,-2.02243564422991,0.000125224244074025,0.0357735559586549,0.0214096028425273,626,"tags=41%, list=6%, signal=38%","MAN2B2/ST6GALNAC6/GLA/MGAT2/MPDU1/FUT7/FUT8/ST6GALNAC4/B4GALT1",0.518848077743792,"GZMK_gamma_delta_T","HS"
"GO:0089718","amino acid import across plasma membrane",16,-0.723837311777491,-2.0755063514589,9.29131609365516e-05,0.0357735559586549,0.0214096028425273,482,"tags=44%, list=5%, signal=42%","SLC3A2/ARL6IP5/TNF/ITGB1/SLC7A1/SLC38A5/SLC1A5",0.538434096309916,"GZMK_gamma_delta_T","HS"
"GO:0007030","Golgi organization",110,-0.380974213010702,-1.65565153251633,0.000417553928849522,0.0359879292427181,0.0220052480063376,1986,"tags=31%, list=19%, signal=25%","SURF4/YIPF5/COG1/ARHGEF7/ATP8B2/TMED2/LYSMD3/SYNE1/HACE1/BAG5/CLASP2/ATP8B1/VPS13B/HUWE1/STX5/BLZF1/USP6NL/RBSN/PI4K2B/CSNK1A1/VCPIP1/GOLGA8B/RAB33B/COG5/ARMH3/GOLGA2/AKAP9/BET1/UBXN2A/RAB30/GCC2/HTT/GOLGA8A/VTI1A",0.49849310876659,"Naive_B","HS"
"GO:0016925","protein sumoylation",55,-0.474112844275728,-1.87311682439536,0.000429061732809964,0.0362250691558127,0.0221502500308956,1206,"tags=33%, list=12%, signal=29%","CDKN2A/PIAS1/SENP1/SUMO3/MUL1/HDAC4/BCL11A/RANBP2/TRIM38/SENP6/EID3/SENP5/SLF1/SMC5/TOPORS/UHRF2/NSMCE3/MDM2",0.49849310876659,"Naive_B","HS"
"GO:0002396","MHC protein complex assembly",16,-0.687626798830055,-1.95056550232514,0.000271170009655928,0.0411500489652871,0.0376898168126208,1969,"tags=56%, list=18%, signal=46%","TAPBP/HLA-A/HLA-DMA/HLA-DRA/HLA-DPB1/HLA-DQB1/HLA-DRB1/HLA-DPA1/CALR",0.49849310876659,"NK","HS"
"GO:0002501","peptide antigen assembly with MHC protein complex",16,-0.687626798830055,-1.95056550232514,0.000271170009655928,0.0411500489652871,0.0376898168126208,1969,"tags=56%, list=18%, signal=46%","TAPBP/HLA-A/HLA-DMA/HLA-DRA/HLA-DPB1/HLA-DQB1/HLA-DRB1/HLA-DPA1/CALR",0.49849310876659,"NK","HS"
"GO:0008283","cell population proliferation",362,-0.300411795054188,-1.51381449268944,0.000219846251332985,0.0428840454476823,0.032006215233281,784,"tags=32%, list=24%, signal=27%","NCKAP1L/CNBP/SOX4/YY1AP1/AHR/NEAT1/TCF7L2/SHOC2/HNRNPU/PML/IL10RA/ITGA4/JUNB/BTG1/VAV3/ALOX5/HLA-DMB/DOCK8/CSNK2B/PPP2R5C/IL6ST/RAF1/ARHGEF2/CDKN2D/UBE2L3/CD4/MDM2/NME2/CITED2/HLA-DRB1/STK11/TYK2/YME1L1/CSF2RB/HHEX/PYCARD/MNDA/CSK/IER5/PTEN/LST1/GPBAR1/EGR1/MSN/HSPA1A/SASH3/TRIB1/PAFAH1B1/CALR/XRCC6/EREG/HMGB1/ZEB2/KLF4/RICTOR/CD300A/CDC42/PRKAR1A/ANXA1/SMARCC1/MDM4/PTPRJ/TFRC/NFKBIZ/TMEM127/LRRK2/IFITM1/ID2/PTPN2/AIMP1/MTSS1/S100A11/CLEC7A/ATF3/ATF5/FOS/CCL3L1/PIAS1/TXNIP/B2M/FCGR3A/RBX1/C5AR1/KLF10/BTG2/RAB10/RBBP4/CD55/CXCL8/YPEL5/SOD2/ITGAX/IL1B/ACTB/NOTCH1/RAC2/SGK1/DUSP1/RPS6/NAMPT/CEBPB/CDKN1B/CDKN1A/TNFSF12/LYN/STAT1/GLUL/ZFP36/NR4A1/FTH1/RHOA/SDCBP/HLA-DPB1/SLC20A1/HLA-DPA1/FCGR2B",0.518848077743792,"SIGLEC1_macrophage_monocyte","HS"
"GO:0006119","oxidative phosphorylation",68,-0.4569723182572,-1.83703429292946,0.000210354917769977,0.0428840454476823,0.032006215233281,579,"tags=35%, list=18%, signal=30%","COX6A1/NDUFB7/COX4I1/UQCRB/NDUFC1/NDUFB8/MT-ND6/COX7C/MT-ND4L/COX6C/NDUFB11/COX7B/NDUFB1/NDUFB9/NDUFA3/COX8A/NDUFB2/UQCRQ/NDUFA2/UQCRH/MT-ATP8/RHOA/ATP5MG/COX7A2",0.518848077743792,"SIGLEC1_macrophage_monocyte","HS"
"GO:0019882","antigen processing and presentation",46,-0.512976087755287,-1.9222821734522,0.000234253707835118,0.0428840454476823,0.032006215233281,678,"tags=46%, list=21%, signal=37%","CTSS/HLA-DMB/LNPEP/HLA-DRB1/PYCARD/RAB6A/WAS/CTSH/CALR/CD68/MPEG1/IFI30/HLA-C/B2M/RAB10/PDIA3/HLA-DRA/HLA-B/HLA-DPB1/HLA-DPA1/FCGR2B",0.518848077743792,"SIGLEC1_macrophage_monocyte","HS"
"GO:0002478","antigen processing and presentation of exogenous peptide antigen",23,-0.644282924497703,-2.03489113284324,0.000233797168773494,0.0428840454476823,0.032006215233281,678,"tags=57%, list=21%, signal=45%","CTSS/HLA-DMB/LNPEP/HLA-DRB1/MPEG1/IFI30/HLA-C/B2M/HLA-DRA/HLA-B/HLA-DPB1/HLA-DPA1/FCGR2B",0.518848077743792,"SIGLEC1_macrophage_monocyte","HS"
"GO:0030036","actin cytoskeleton organization",191,-0.338786541683274,-1.62061126494801,0.000277823047920702,0.0445751645774994,0.0397980113556448,1195,"tags=39%, list=29%, signal=29%","ACTG1/SHTN1/PREX1/EHBP1L1/VASP/NRP1/TTC17/ARPC5L/GMFG/WIPF1/HCK/PAK2/PIK3R1/DNM2/FLNA/NAA20/TPM4/WAS/WASF2/ZEB2/MKLN1/CORO1A/LCP1/TLN1/TRIM27/MSRB2/ACTB/DSTN/FLNB/ACAP1/JAK2/RHOH/CUL3/PARVG/ARF6/TAOK1/GSN/ACTR3/CORO1C/ARHGAP25/PPP1R9B/AIF1/SSH2/SH3BP1/CSF1R/COTL1/HSP90B1/PDCD6IP/WASHC4/CAPZB/ROCK1/ARF1/RAP1GDS1/ARHGEF2/MARCKSL1/ARPC5/AKAP13/CD2AP/FCHSD2/GRB2/IQGAP2/MRTFA/ALDOA/MYO1G/CYTH2/CCDC88A/RHOB/ABI3/ACTR2/CFLAR/CORO7/BIN1/RHOC/CDC42",0.49849310876659,"pDC","HS"
"GO:0014909","smooth muscle cell migration",21,-0.620599918023992,-1.9002499588718,0.000621167896500282,0.0458887783539584,0.0280592401295507,1955,"tags=43%, list=19%, signal=35%","CRK/CCL5/NFE2L2/DDR1/S100A11/MEF2C/SORL1/DDIT3/MDM2",0.477270815362862,"Naive_B","HS"
"GO:0008625","extrinsic apoptotic signaling pathway via death domain receptors",54,-0.489821212416123,-1.83145291176787,0.000281771466283199,0.0494001734687705,0.0306250929737393,1449,"tags=28%, list=12%, signal=25%","TNFRSF10B/CASP8/BCL2L1/CFLAR/FEM1B/LGALS3/BIRC3/BLOC1S2/TNF/DDX47/FAS/PMAIP1/TNFAIP3/TRADD/BCL2",0.49849310876659,"Naive_CD8_T","HS"
