"celltype","Description","NES","p.adjust","setSize","core_enrichment"
"Mast_cells","negative regulation of myoblast fusion",2.79649299402659,1.95222222222222e-08,45,"RPL17/RPL12/RPL34/RPL36/RPL4/RPL36A/RPL39/RPL32/RPL14/RPL10/RPL18/RPLP2/RPL31/RPL24/RPL9/RPL13A/RPL35A/RPL27/RPL28/RPL21/RPL10A/RPL37/RPL41/RPL11/RPL5/UBA52/RPL19/RPL30/RPL7/RPL35/RPL29/RPL18A/RPL37A/RPL15/RPL6"
"Mast_cells","myoblast fusion",2.72768072954195,1.95222222222222e-08,48,"RPL17/RPL12/RPL34/RPL36/RPL4/RPL36A/RPL39/RPL32/RPL14/RPL10/RPL18/RPLP2/RPL31/RPL24/RPL9/RPL13A/RPL35A/RPL27/RPL28/RPL21/RPL10A/RPL37/RPL41/RPL11/RPL5/UBA52/RPL19/RPL30/RPL7/RPL35/RPL29/RPL18A/RPL37A/CD81/RPL15/RPL6"
"Mast_cells","regulation of myoblast fusion",2.69446737092742,1.95222222222222e-08,47,"RPL17/RPL12/RPL34/RPL36/RPL4/RPL36A/RPL39/RPL32/RPL14/RPL10/RPL18/RPLP2/RPL31/RPL24/RPL9/RPL13A/RPL35A/RPL27/RPL28/RPL21/RPL10A/RPL37/RPL41/RPL11/RPL5/UBA52/RPL19/RPL30/RPL7/RPL35/RPL29/RPL18A/RPL37A/RPL15/RPL6"
"Mast_cells","myotube differentiation",2.67014695439222,2.28755396308708e-08,51,"RPL17/RPL12/RPL34/RPL36/RPL4/RPL36A/RPL39/RPL32/RPL14/RPL10/RPL18/RPLP2/RPL31/RPL24/RPL9/RPL13A/RPL35A/RPL27/RPL28/RPL21/RPL10A/RPL37/RPL41/RPL11/RPL5/UBA52/RPL19/NACA/RPL30/RPL7/RPL35/RPL29/RPL18A/RPL37A/CD81/RPL15/RPL6"
"IFN_activated_DC","negative regulation of myoblast fusion",3.01877656405306,2.36125e-08,45,"RPL11/RPL30/RPL5/RPL32/RPL18/RPL10/RPL9/RPL7/RPL6/RPL4/RPL18A/RPL36A/RPL34/RPL29/RPL24/RPL17/RPL19/RPL12/RPL21/RPL10A/RPL7A/RPLP2/RPL35A/RPL28/RPL39/RPL31/RPL36/RPLP0/RPL23/RPL8/RPL35/RPL13/RPL15/UBA52/RPL14/RPL41"
"IFN_activated_DC","regulation of myoblast fusion",2.99647333072854,2.36125e-08,51,"RPL11/RPL30/RPL5/RPL32/RPL18/RPL10/RPL9/RPL7/RPL6/RPL4/RPL18A/RPL36A/RPL34/RPL29/RPL24/RPL17/RPL19/RPL12/RPL21/RPL10A/RPL7A/RPLP2/RPL35A/RPL28/RPL39/RPL31/RPL36/RPLP0/RPL23/RPL8/RPL35/RPL13/PLEKHO1/RPL15/UBA52/RPL14/RPL41"
"IFN_activated_DC","myoblast fusion",2.96295586738433,2.36125e-08,54,"RPL11/RPL30/RPL5/RPL32/RPL18/RPL10/RPL9/RPL7/RPL6/RPL4/RPL18A/RPL36A/RPL34/RPL29/RPL24/RPL17/RPL19/RPL12/CD81/RPL21/RPL10A/RPL7A/RPLP2/RPL35A/RPL28/RPL39/RPL31/RPL36/RPLP0/RPL23/RPL8/RPL35/RPL13/PLEKHO1/RPL15/UBA52/RPL14/RPL41"
"IFN_activated_DC","myotube differentiation",2.85089459727196,2.36125e-08,68,"RPL11/RPL30/RPL5/RPL32/RPL18/RPL10/RPL9/RPL7/RPL6/RPL4/RPL18A/NACA/RPL36A/RPL34/RPL29/RPL24/RPL17/RPL19/RPL12/CD81/RPL21/RPL10A/RPL7A/RPLP2/RPL35A/RPL28/RPL39/RPL31/RPL36/RPLP0/RPL23/RPL8/RPL35/RPL13/PLEKHO1/RPL15/UBA52/RPL14/RPL41"
"IFN_activated_DC","striated muscle contraction",2.74876320011779,2.36125e-08,82,"RPL11/RPL30/RPL5/RPL32/RPL18/RPL10/RPL9/RPL7/RPL6/RPL4/RPL18A/RPL36A/RPL34/AKAP9/RPL29/RPL24/RPL17/RPL19/GRK2/RPL12/GNAS/RPL21/RPL10A/RPL7A/EEF2/RPLP2/PRKACA/RPL35A/RPL28/RPL39/RPL31/RPL36/RPLP0/RPL23/BIN1/RANGRF/RPL8/RPL35/RPL13/RPL15/GSTM2/KCNQ1/UBA52/RPL14/RPL41/CHRNB1/C12orf57/GSTO1/RPL38/CALM3"
"IFN_activated_DC","striated muscle cell differentiation",2.69657363650543,2.36125e-08,97,"RPL11/RPL30/RPL5/RPL32/RPL18/RPL10/RPL9/RPL7/RPL6/RPL4/RPL18A/NACA/RPL36A/RPL34/RPL29/RPL24/RPL17/RPL19/RPL12/YY1/CD81/OBSCN/RPL21/RPL10A/RPL7A/RPLP2/RPL35A/RPL28/RPL39/RPL31/RPL36/RPLP0/RPL23/MTLN/FLII/KDM6B/RPL8/RPL35/RPL13/PLEKHO1/CSRP1/RPL15/CASP7/UBA52/RPL14/RPL41/WDR1/TOMM70/NOTCH1/RPL38"
"IFN_activated_DC","muscle cell differentiation",2.5635511957469,2.36125e-08,134,"RPL11/RPL30/RPL5/RPL32/RPL18/RPL10/RPL9/RPL7/RPL6/OLFM2/RPL4/RPL18A/NACA/RPL36A/RPL34/RPL29/RPL24/RPL17/RPL19/RPL12/YY1/SRF/CD81/TMEM204/OBSCN/RPL21/RPL10A/RPL7A/RPLP2/ACTN1/RPL35A/RPL28/RPL39/RPL31/RPL36/RPLP0/RPL23/BIN1/MTLN/FLII/CDK9/KDM6B/RPL8/RPL35/KDM1A/RPL13/PLEKHO1/CSRP1/RPL15/CASP7/UBA52/QKI/RPL14/RPL41/CHRNB1/WDR1/TOMM70/NOTCH1/RPL38"
"IFN_activated_DC","muscle contraction",2.51033578111937,2.36125e-08,112,"RPL11/RPL30/RPL5/RPL32/RPL18/RPL10/RPL9/RPL7/RPL6/RPL4/RPL18A/RPL36A/RPL34/AKAP9/RPL29/PABPN1/RPL24/RPL17/RPL19/GRK2/RPL12/GNAS/SRF/RPL21/RPL10A/RPL7A/EEF2/RPLP2/APBB1/PRKACA/RPL35A/RPL28/RPL39/RPL31/RPL36/RPLP0/RPL23/BIN1/RANGRF/RPL8/MAP2K1/RPL35/RPL13/RPL15/GSTM2/KCNQ1/UBA52/RPL14/RPL41/CHRNB1/C12orf57/GSTO1/RPL38/CALM3"
"IFN_activated_DC","muscle system process",2.37053170283385,2.36125e-08,146,"RPL11/RPL30/RPL5/RPL32/RPL18/RPL10/RPL9/RPL7/RPL6/FOXO1/RPL4/RPL18A/RPL36A/RPL34/AKAP9/RPL29/PABPN1/RPL24/RPL17/RPL19/GRK2/RPL12/YY1/GNAS/SRF/RPL21/RPL10A/RPL7A/EEF2/RPLP2/APBB1/PRKACA/RPL35A/RPL28/RPL39/RPL31/RPL36/RPLP0/RPL23/BIN1/RANGRF/RPL8/MAP2K1/RPL35/RPL13/RPL15/GSTM2/KCNQ1/TNFRSF1A/UBA52/RPL14/RPL41/CHRNB1/TOMM70/ARRB1/C12orf57/GSTO1/NOTCH1/RPL38/CALM3"
"IFN_activated_DC","muscle structure development",2.28580763569235,2.36125e-08,223,"RPL11/RPL30/RPL5/RPL32/RPL18/RPL10/RPL9/RPL7/RPL6/OLFM2/ZFP36L1/RPL4/RPL18A/NACA/RPL36A/RPL34/RPL29/RPL24/RPL17/RPL19/RPL12/YY1/SRF/SMARCB1/CD81/TMEM204/OBSCN/RPL21/RPL10A/RPL7A/EEF2/ZNF609/RPLP2/ACTN1/PDLIM2/RPL35A/RPL28/RPL39/RPL31/RPL36/RPLP0/RPL23/BIN1/NOG/ID3/MTLN/FLII/CDK9/LRRC8A/KDM6B/CTNNB1/RPL8/RPL35/KDM1A/ZFPM1/ZBTB18/RPL13/PLEKHO1/PPARD/CSRP1/RPL15/TGFBR1/CASP7/SOX4/SMARCA4/UBA52/QKI/RPL14/RPL41/CHRNB1/WDR1/TOMM70/NOTCH1/REST/MEF2D/RPL38"
"Cytotoxic_NK_gamma_delta_T","negative regulation of myoblast fusion",2.9802598383081,2.47714285714286e-08,45,"RPL7/RPL4/RPL31/RPL36A/RPL6/RPL5/RPLP2/RPL11/RPL21/RPL9/RPL23/RPL32/RPL17/RPL34/RPL10A/RPL24/RPL38/RPL18/RPL35A/RPL39/RPL12/RPL30/RPL10/RPL7A/RPL37/RPL15/RPL35/RPL27/RPL18A/RPL41/RPL19/RPL36/UBA52/RPL29/RPL13/RPL13A/RPL23A"
"Cytotoxic_NK_gamma_delta_T","regulation of myoblast fusion",2.88711308240891,2.47714285714286e-08,51,"RPL7/RPL4/RPL31/RPL36A/RPL6/RPL5/RPLP2/RPL11/RPL21/RPL9/RPL23/RPL32/RPL17/RPL34/RPL10A/RPL24/RPL38/RPL18/RPL35A/RPL39/RPL12/RPL30/RPL10/RPL7A/RPL37/RPL15/RPL35/RPL27/RPL18A/RPL41/RPL19/RPL36/UBA52/RPL29/RPL13/RPL13A/RPL23A"
"Cytotoxic_NK_gamma_delta_T","myoblast fusion",2.83653756805046,2.47714285714286e-08,54,"RPL7/RPL4/RPL31/RPL36A/RPL6/RPL5/RPLP2/RPL11/RPL21/CD81/RPL9/RPL23/RPL32/RPL17/RPL34/RPL10A/RPL24/RPL38/RPL18/RPL35A/RPL39/RPL12/RPL30/RPL10/RPL7A/RPL37/RPL15/RPL35/RPL27/RPL18A/RPL41/RPL19/RPL36/UBA52"
"Cytotoxic_NK_gamma_delta_T","myotube differentiation",2.8239831897209,2.47714285714286e-08,65,"RPL7/RPL4/RPL31/RPL36A/RPL6/RPL5/RPLP2/RPL11/RPL21/CD81/RPL9/RPL23/RPL32/RPL17/MAML1/RPL34/RPL10A/RPL24/RPL38/RPL18/RPL35A/RPL39/RPL12/RPL30/RPL10/RPL7A/RPL37/HDAC5/PPP3CB/RPL15/RPL35/RPL27/RPL18A/RPL41/NACA/RPL19/RPL36/UBA52/RPL29/RPL13/RPL13A/SKI/RPL23A"
"Cytotoxic_NK_gamma_delta_T","striated muscle contraction",2.79164376064236,2.47714285714286e-08,74,"RPL7/RPL4/RPL31/RPL36A/RPL6/RPL5/RPLP2/RPL11/RPL21/GNAS/C12orf57/RPL9/SRI/RPL23/BIN1/RPL32/AKAP9/GRK2/RPL17/RPL34/RPL10A/RPL24/EEF2/RPL38/RPL18/RPL35A/HSP90AA1/RPL39/RPL12/RPL30/RPL10/RPL7A/RPL37/RPL15/RPL35/RPL27/RPL18A/RPL41/RPL19/RPL36/UBA52"
"Cytotoxic_NK_gamma_delta_T","muscle contraction",2.63359763252485,2.47714285714286e-08,103,"RPL7/RPL4/RPL31/RPL36A/RPL6/RPL5/RPLP2/RPL11/RPL21/GNAS/C12orf57/RPL9/SRI/RPL23/BIN1/RPL32/AKAP9/GRK2/RPL17/RPL34/RPL10A/RPL24/EEF2/RPL38/RPL18/RPL35A/HSP90AA1/RPL39/RPL12/RPL30/RPL10/RPL7A/RPL37/TMOD3/RPL15/RPL35/RPL27/APBB1/RPL18A/RPL41/PABPN1/MAP2K1/RPL19/RPL36/UBA52"
"Cytotoxic_NK_gamma_delta_T","striated muscle cell differentiation",2.60525068034265,2.47714285714286e-08,89,"RPL7/RPL4/RPL31/RPL36A/RPL6/RPL5/RPLP2/RPL11/RPL21/CD81/RPL9/RPL23/RPL32/RPL17/FLII/MAML1/RPL34/RPL10A/RPL24/RPL38/RPL18/RPL35A/RPL39/RPL12/RPL30/RPL10/MTLN/RPL7A/RPL37/HDAC5/TMOD3/PPP3CB/RPL15/RPL35/RPL27/RPL18A/RPL41/NACA/RPL19/RPL36/UBA52/SIRT6/RPL29/RPL13/RPL13A/TGFB1/SKI/RPL23A/PDLIM5"
"Cytotoxic_NK_gamma_delta_T","muscle cell differentiation",2.57272090720764,2.47714285714286e-08,118,"RPL7/RPL4/RPL31/RPL36A/RPL6/RPL5/RPLP2/RPL11/RPL21/CD81/RPL9/RPL23/BIN1/QKI/RPL32/RPL17/FLII/MAML1/RPL34/ID2/RPL10A/RPL24/ACTN1/RPL38/RPL18/RPL35A/RPL39/ACTN4/RPL12/RPL30/PTBP1/RPL10/MTLN/RPL7A/RPL37/HDAC5/TMOD3/PPP3CB/RPL15/RPL35/RPL27/RPL18A/ZNHIT1/RPL41/TMEM204/NACA/RPL19/RPL36/UBA52/SIRT6/RPL29/RPL13/RPL13A/TGFB1/SKI/RPL23A/CCNT2/PDLIM5/SYNE1/MRTFA/WDR1/MECP2/RPL37A/RPL14/MAPK14/RPL8"
"Cytotoxic_gamma_delta_T","negative regulation of myoblast fusion",2.93296123507694,4.71444444444444e-08,46,"RPL31/RPL9/RPL21/RPL36A/RPL30/RPL19/RPLP2/RPL7A/RPL23/RPL14/RPL6/RPL12/RPL11/RPL28/RPL5/RPL7/RPL27/UBA52/RPL18/RPL29/RPL37/RPL39/RPL34/RPL15/RPL32/RPL13/RPL41/RPL36/RPL17/RPL35A/RPL38/RPL10/RPL8/RPL24/RPL18A/RPL35/RPLP0"
"Cytotoxic_gamma_delta_T","regulation of myoblast fusion",2.79291840903795,4.71444444444444e-08,52,"RPL31/RPL9/RPL21/RPL36A/RPL30/RPL19/RPLP2/RPL7A/RPL23/RPL14/RPL6/RPL12/RPL11/RPL28/RPL5/RPL7/RPL27/PLEKHO1/UBA52/CAPN2/RPL18/RPL29/RPL37/RPL39/RPL34/RPL15/RPL32/RPL13/RPL41/RPL36/RPL17/RPL35A/RPL38/RPL10/RPL8/RPL24/RPL18A/RPL35/RPLP0"
"Cytotoxic_gamma_delta_T","myoblast fusion",2.78293024074512,4.71444444444444e-08,56,"RPL31/RPL9/RPL21/RPL36A/RPL30/RPL19/CD81/RPLP2/RPL7A/RPL23/RPL14/RPL6/RPL12/RPL11/RPL28/RPL5/RPL7/RPL27/PLEKHO1/UBA52/CAPN2/RPL18/RPL29/RPL37/RPL39/RPL34/RPL15/RPL32/DOCK5/RPL13/RPL41/RPL36/RPL17/RPL35A/RPL38/RPL10/RPL8/RPL24/RPL18A/RPL35/RPLP0"
"Cytotoxic_gamma_delta_T","myotube differentiation",2.56775315846799,4.71444444444444e-08,77,"RPL31/RPL9/RPL21/RPL36A/RPL30/RPL19/CD81/RPLP2/RPL7A/RPL23/RPL14/RPL6/RPL12/NACA/RPL11/RPL28/RPL5/RPL7/RPL27/PLEKHO1/UBA52/CAPN2/RPL18/RPL29/MAML1/RPL37/RPL39/RPL34/RPL15/RPL32/DOCK5/RPL13/RPL41/RPL36/TBX1/RPL17/ATP11A/RPL35A/RPL38/RPL10/RPL8/RPL24/RPL18A/RPL35/RPLP0"
"CD14_CD163_macrophage","negative regulation of myoblast fusion",2.87219290101526,5.08875e-08,45,"RPL36/RPL27/RPL17/RPL32/RPL10A/RPL24/RPL11/RPL30/RPL4/RPL12/RPL34/RPL9/RPL36A/RPL18A/RPL21/RPL19/RPL5/RPL10/RPL38/UBA52/RPL28/RPL35A/RPL18/RPL23/RPL29/RPL39/RPL41/RPL14/RPLP1/RPL15/RPLP2/RPL37/RPL31/RPL7/RPL13/RPL35/RPL7A/RPLP0"
"CD14_CD163_macrophage","regulation of myoblast fusion",2.81868486581101,5.08875e-08,51,"RPL36/RPL27/RPL17/RPL32/RPL10A/RPL24/RPL11/RPL30/RPL4/RPL12/RPL34/RPL9/RPL36A/RPL18A/RPL21/RPL19/RPL5/RPL10/RPL38/UBA52/RPL28/RPL35A/RPL18/RPL23/RPL29/RPL39/RPL41/RPL14/RPLP1/RPL15/RPLP2/RPL37/RPL31/RPL7/RPL13/RPL35/RPL7A"
"CD14_CD163_macrophage","myoblast fusion",2.72482582467955,5.08875e-08,55,"RPL36/RPL27/RPL17/RPL32/RPL10A/RPL24/RPL11/RPL30/RPL4/RPL12/RPL34/RPL9/RPL36A/RPL18A/RPL21/RPL19/RPL5/RPL10/RPL38/UBA52/RPL28/RPL35A/CD81/RPL18/RPL23/RPL29/RPL39/RPL41/RPL14/RPLP1/RPL15/RPLP2/RPL37/RPL31/RPL7/RPL13/RPL35/RPL7A"
"Cytotoxic_NK_gamma_delta_T","muscle system process",2.27081833364277,8.65298735226971e-08,136,"RPL7/RPL4/RPL31/RPL36A/RPL6/RPL5/RPLP2/RPL11/RPL21/GNAS/C12orf57/RPL9/SRI/RPL23/JUND/BIN1/RPL32/AKAP9/GRK2/RPL17/RPL34/TNFRSF1A/RPL10A/RPL24/EEF2/RPL38/RPL18/RPL35A/HSP90AA1/RPL39/RPL12/RPL30/RPL10/RPL7A/RPL37/TMOD3/RPL15/RPL35/RPL27/APBB1/RPL18A/RPL41/TWF1/MTPN/PABPN1/MAP2K1/RPL19/RPL36/UBA52"
"T_cells_unresolved","negative regulation of myoblast fusion",2.75034603685906,1.929e-07,45,"RPL21/RPL23/RPL27/RPL9/RPL34/RPL36A/RPL35/RPL10A/RPL31/RPL41/RPL17/RPL38/RPL35A/RPL23A/RPL13/RPL4/RPL37/UBA52/RPL30/RPL13A/RPL18A/RPL36/RPL11/RPL5/RPL10/RPL12/RPL37A/RPL24/RPL28/RPL14/RPL29/RPL19/RPL7A/RPL18/RPLP2/RPL7/RPL32/RPL15/RPL39"
"NK","negative regulation of myoblast fusion",2.76801680483925,2.1245e-07,46,"RPL23/RPL17/RPL4/RPL12/RPL9/RPL36/RPL36A/RPL27/RPL34/RPL11/RPL30/RPL38/RPL14/RPL28/RPL10/RPLP2/RPL18/RPL15/RPL7A/RPL39/RPL24/RPL31/RPL35A/RPL5/RPL32/RPL37/RPL41/RPL35/RPL21/RPL7/RPL23A/RPL13/RPL19/RPL8/UBA52/RPL6/RPL18A/RPL29/RPL10A"
"Cytotoxic_gamma_delta_T","anatomical structure formation involved in morphogenesis",1.91208309104324,2.36767084293661e-07,381,"LFNG/ZFPM1/AKT1/C3AR1/GNAS/ITGA5/ANXA1/RPL31/HOPX/QKI/SSBP3/PACSIN2/TIGD5/ERBB2/ACVR2B/RPL9/RRAS/LEPR/PLCG1/RPL21/VEGFB/RPL36A/RPL30/RPL19/CD81/RPLP2/RPL7A/ITGB2/RPL23/AGFG2/RPL14/RPL6/RPL12/ITGAX/FOXJ2/SCRIB/RPL11/WNT1/RPL28/TYROBP/FMNL3/RPL5/CNOT3/RPL7/RPL27/TGFB1/S1PR1/VPS33A/C12orf43/PLEKHO1/UBA52/EOMES/PLXND1/MICALL1/HIPK2/CAPN2/SPRY2/FURIN/RPL18/SPTBN1/RPL29/FASLG/RASA1/RPL37/HDAC2/SH2D2A/RTF1/RPL39/RPL34/NBEAL2/RPL15/RPL32/AGO2/BRCA1/CTR9/SRPK2/MAP2K5/DOCK5/HDAC1/RPL13/RPL41/JMJD6/ROCK2/RPL36/TNFSF12/STAT1/GNAI2/TBX1/PRKX/MYH9/RPL17/NGFR/TPM1/ADAM15/NINJ1/ADGRG1/SPHK1/HIPK1/PTK2B/GRN/RPL35A/RPL38/PIK3CD/RPL10/CCM2/HLA-G/RECK/AGTPBP1/RPL8/TAF10/RPL24/TRAF6/ACTN1/RPL18A/SMAD1/BLOC1S6/SLC31A1/RPL35/NCL/RPLP0/TNF/RNH1/CD160/PTCH1/C1GALT1/TET1/MTHFR/HSPB1/MAPK14/HGS/SOCS7/KIF16B/ZNF354C/ERAP1/SEMA4C/RPL23A/WARS2/BCAS3/PDPK1/DUSP2/PIK3CA/AAMP/TLR3/HIF1A/PRCP/DEAF1/PKM/SMAD4/SIRT6/COL18A1/AGGF1"
"T_cells_unresolved","regulation of myoblast fusion",2.64996588169934,2.50466978545764e-07,51,"RPL21/RPL23/RPL27/RPL9/RPL34/RPL36A/RPL35/RPL10A/RPL31/RPL41/RPL17/RPL38/RPL35A/RPL23A/RPL13/RPL4/RPL37/UBA52/RPL30/RPL13A/RPL18A/RPL36/RPL11/RPL5/RPL10/RPL12/RPL37A/RPL24/RPL28/RPL14/RPL29/RPL19/RPL7A/MAPK14/RPL18/RPLP2/RPL7/RPL32/CAPN2/RPL15/RPL39"
"CD14_CD163_macrophage","myotube differentiation",2.46530559334125,1.00327494780743e-06,73,"RPL36/NACA/RPL27/RPL17/RPL32/RPL10A/RPL24/RPL11/RPL30/RPL4/RPL12/RPL34/RPL9/RPL36A/RBM38/RPL18A/RPL21/HDAC5/SKI/RPL19/RPL5/RPL10/RPL38/UBA52/RPL28/RPL35A/CD81/RPL18/RPL23/RPL29/RPL39/RPL41/RPL14/RPLP1/RPL15/RPLP2/RPL37/RPL31/RPL7/RPL13/RPL35/MAML1/RPL7A"
"IFN_activated_DC","negative regulation of developmental process",1.90954591665036,1.04153129444323e-06,318,"RPL11/RPL30/RPL5/RPL32/RPL18/RPL10/RPL9/RPL7/RPL6/ZFP36L1/ZNF706/FOXO1/RPL4/DYNLT1/RPL18A/LBH/RPL36A/RPL34/RPL29/RFLNB/RPL24/RPL17/RPL19/RPL12/NPHP3/YY1/GNAS/PTK2B/TRIB2/RPL21/RPL10A/RPL7A/RC3H1/PTEN/RPLP2/FYN/RPL35A/RPL28/PSMB4/LAPTM5/RPL39/RPL31/RPL36/RPLP0/RPL23/PGK1/NOG/ID3/PIN1/LEO1/MYC/NR1D1/FBXO11/PHF14/CTNNB1/RPL8/DTNBP1/LDB1/PCM1/TPT1/RPL35/APPBP2/ZFPM1/RPL13/PPARD/RPL15/TGFBR1/CARM1/HGS/PRMT5/SOX4/SMARCA4/UBA52/QKI/RPL14/ABCG1/VGLL4/RPL41/BICRAL/TOMM70/KLF13/KLF7/NOTCH1/REST"
"Cytotoxic_gamma_delta_T","muscle contraction",2.24714541859237,1.0587231507592e-06,142,"GRK2/PABPN1/GNAS/RPL31/EEF2/RPL9/RPL21/RPL36A/RPL30/RPL19/RPLP2/RPL7A/RPL23/STUB1/RPL14/RPL6/ABAT/RPL12/RPL11/RPL28/EMD/HSP90AA1/CHRNB1/RPL5/RPL7/RPL27/ADRB2/MAP2K1/UBA52/CACNA2D4/GAA/RPL18/RPL29/SNTA1/RPL37/CACNA2D2/RPL39/RPL34/RPL15/RPL32/DOCK5/RPL13/RPL41/GSN/C12orf57/ROCK2/RPL36/RPL17/TPM1/SPHK1/RPL35A/RPL38/RPL10/RPL8/RPL24/RPL18A/RPL35/RPLP0/TNF"
"NK","regulation of myoblast fusion",2.53987317664563,1.18248457495562e-06,52,"RPL23/RPL17/RPL4/RPL12/RPL9/RPL36/RPL36A/RPL27/RPL34/RPL11/RPL30/RPL38/RPL14/RPL28/RPL10/RPLP2/RPL18/RPL15/RPL7A/RPL39/RPL24/RPL31/PLEKHO1/RPL35A/RPL5/RPL32/RPL37/RPL41/RPL35/RPL21/RPL7/RPL23A/RPL13/RPL19/RPL8/UBA52/RPL6/RPL18A/RPL29/RPL10A"
"T_cells_unresolved","myoblast fusion",2.55988628111504,1.7721197939929e-06,55,"RPL21/RPL23/RPL27/RPL9/RPL34/RPL36A/RPL35/RPL10A/RPL31/RPL41/RPL17/RPL38/RPL35A/RPL23A/RPL13/RPL4/RPL37/CD81/UBA52/RPL30/RPL13A/RPL18A/RPL36/RPL11/RPL5/RPL10/RPL12/RPL37A/RPL24/RPL28/RPL14/RPL29/RPL19/RPL7A/MAPK14/RPL18/RPLP2/RPL7/RPL32/CAPN2/RPL15/RPL39"
"Naive_CD8_T","negative regulation of myoblast fusion",2.60950706512332,2.11940963065788e-06,46,"RPL12/RPL4/RPL30/RPL5/RPL11/RPL36A/RPL32/RPL9/RPL7A/RPL7/RPL24/RPL34/RPL10/RPL17/RPL39/RPL36/RPL19/RPL28/RPL29/RPL35A/RPL6/RPL10A/RPL21/UBA52/RPLP1/RPL18A/RPL18/RPLP2/RPL23/RPL27/RPL38/RPL41/RPLP0/RPL31/RPL15/RPL14"
"CD14_CD163_macrophage","striated muscle contraction",2.328846586256,3.11997624635188e-06,94,"TPM1/RPL36/GSTM2/RPL27/RPL17/AKAP9/RPL32/RPL10A/GNAS/RPL24/RPL11/RPL30/RPL4/RPL12/GAA/RPL34/RPL9/GSN/RPL36A/RPL18A/VPS54/RPL21/ARHGEF11/PRKACA/RPL19/RPL5/RPL10/RPL38/UBA52/RPL28/RPL35A/RPL18/RPL23/RPL29/RPL39/TNNI2/RPL41/RPL14/RPLP1/RPL15/PIK3CA/RPLP2/GRK2/RPL37/RPL31/RPL7/RPL13"
"Cytotoxic_NK_gamma_delta_T","muscle structure development",2.02415597481319,3.71018245528159e-06,195,"RPL7/NOG/RPL4/RPL31/RPL36A/RPL6/RPL5/RPLP2/RPL11/RPL21/CD81/RPL9/KMT5B/RPL23/BIN1/QKI/RPL32/ZFP36L1/RPL17/FLII/MAML1/RPL34/ID2/RPL10A/RPL24/EEF2/ACTN1/RPL38/RPL18/RPL35A/RPL39/ZFPM1/ACTN4/RPL12/RPL30/PTBP1/RPL10/MTLN/RPL7A/RPL37/HDAC5/TMOD3/ARID1A/PPP3CB/RPL15/RPL35/RPL27/SMARCC2/ACTL6A/RPL18A/ZNHIT1/RPL41/TMEM204/IFRD1/NACA/MTPN/RPL19/EID2/RPL36/UBA52"
"Mast_cells","striated muscle cell differentiation",2.44368504659261,5.18915048722413e-06,59,"RPL17/RPL12/RPL34/RPL36/RPL4/RPL36A/RPL39/RPL32/RPL14/RPL10/RPL18/RPLP2/RPL31/RPL24/RPL9/RPL13A/RPL35A/RPL27/RPL28/RPL21/RPL10A/RPL37/RPL41/RPL11/RPL5/UBA52/RPL19/NACA/RPL30/RPL7/RPL35/RPL29/RPL18A/RPL37A/CD81/RPL15/RPL6/TGFB1/RPL38/AKAP13/RPL23A"
"Plasma_cells","myoblast fusion",2.49567508769487,5.2173934993298e-06,56,"RPL28/CD9/RPLP2/RPL19/RPL11/RPL23/RPL10/RPL37/RPLP1/RPL9/RPL21/RPL7/CD81/RPL31/RPL36A/RPL30/PLEKHO1/RPL41/CD53/RPL36/RPL12/RPL32/RPL35/RPL34/UBA52/RPL39"
"Mast_cells","striated muscle contraction",2.37352766598999,6.58400524852971e-06,62,"RPL17/RPL12/RPL34/RPL36/RPL4/RPL36A/RPL39/RPL32/RPL14/RPL10/RPL18/RPLP2/GNAS/RPL31/RPL24/RPL9/RPL13A/RPL35A/RPL27/RPL28/C12orf57/RPL21/RPL10A/RPL37/RPL41/RPL11/RPL5/UBA52/RPL19/RPL30/RPL7/RPL35/SRI/RPL29/RPL18A/RPL37A/RPL15/RPL6"
"Cytotoxic_NK_gamma_delta_T","anatomical structure formation involved in morphogenesis",1.90007674627494,6.60409253786159e-06,268,"RPL7/NOG/RPL4/LFNG/RPL31/RPL36A/VEGFB/RPL6/RPL5/NBEAL2/RPLP2/RPL11/RPL21/CD81/GNAS/ITGA5/SSBP3/RPL9/RPL23/QKI/LEO1/ITGAX/RPL32/RPL17/FLII/RPL34/PAFAH1B1/RPL10A/RPL24/ACTN1/RPL38/RPL18/RPL35A/RPL39/GNAI2/FURIN/ZFPM1/KLF2/RPL12/RPL30/PHACTR4/RPL10/RPL7A/RPL37/HDAC5/TMOD3/MTHFD1/RGCC/CIB1/ABCA2/RPL15/RPL35/TAF10/RPL27/FYN/RPL18A/RPL41/AKT1/EHD4/HSPB1/TOPORS/RPL19/RPL36/UBA52/PRKDC/ADAM8/AGGF1/C12orf43/SIRT6/KRIT1/BLOC1S6/SPTBN1/RPL29/PRCP/RPL13/RPL13A/LEMD2/TGFB1/SKI/RPL23A/PGK1/ERBB2/ANXA1/WDR1/AGFG1/CNOT3/MYH9/MECP2/RAMP1/MICALL1/MIA3/EOMES/RPL37A/RPL14/HIPK1/MAPK14"
"Cytotoxic_gamma_delta_T","striated muscle contraction",2.31452384436221,6.75412608849952e-06,96,"GRK2/GNAS/RPL31/EEF2/RPL9/RPL21/RPL36A/RPL30/RPL19/RPLP2/RPL7A/RPL23/RPL14/RPL6/RPL12/RPL11/RPL28/HSP90AA1/CHRNB1/RPL5/RPL7/RPL27/ADRB2/UBA52/GAA/RPL18/RPL29/SNTA1/RPL37/RPL39/RPL34/RPL15/RPL32/RPL13/RPL41/GSN/C12orf57/RPL36/RPL17/TPM1/RPL35A/RPL38/RPL10/RPL8/RPL24/RPL18A/RPL35/RPLP0/TNF"
"Cytotoxic_NK_gamma_delta_T","negative regulation of developmental process",1.88193739592413,7.27929464269661e-06,281,"RPL7/NOG/SPSB3/RPL4/RPL31/RPL36A/RPL6/RPL5/RPLP2/TPT1/ASCL2/BNIP3/RPL11/RPL21/GNAS/RPL9/RPL23/HNRNPU/QKI/LAPTM5/LEO1/RPL32/ZFP36L1/RPL17/RPL34/ID2/PTEN/RPL10A/RPL24/RPL38/RPL18/RPL35A/LDLR/RPL39/KLF13/ZFPM1/KLF2/RPL12/RPL30/CERS2/PTBP1/RPL10/RPL7A/VGLL4/BRMS1/TRIB2/RPL37/TRIM11/BCL7C/HDAC5/RGCC/CST3/SHOC2/CIB1/ARHGAP4/RPL15/RPL35/RPL27/ZC3H8/IFNG/GSK3B/ACTL6A/FYN/RPL18A/RPL41/PHF14/SUDS3/RC3H2/SIN3A/B2M/IDH2"
"NK","muscle cell differentiation",2.12891695242048,9.98593425923704e-06,161,"YY1/KIT/TPM1/PDCD4/CCNB1/HDAC5/RPL23/RPL17/TMOD3/RPL4/RPL12/RPL9/MAML1/RPL36/HDGFL2/SRF/RPL36A/NINJ1/KDM6B/QKI/CAMK1/TBX1/RPL27/RPL34/RPL11/KDM1A/ATP11A/RPL30/SELENON/RPL38/RPL14/RPL28/NACA/RPL10/CD81/RPLP2/NFATC1/CHRNB1/RPL18/RPL15/RPL7A/OBSCN/BIN1/RPL39/GSK3A/CACYBP/RPL24/ZBED6/RPL31/PLEKHO1/RPL35A/RPL5/RPL32/TGFB1/RPL37/RPL41/RPL35/RPL21/RPL7/RPL23A/DMPK/ACTN4/ENG/RPL13/RPL19/RCAN1/NFATC2/RPL8/FOXO4/NOTCH2/UBA52/RPL6/SEMA4C/RPL18A/TMEM204/DLL1/PDLIM5/RPL29/RPL10A"
"Cytotoxic_gamma_delta_T","muscle system process",2.03437707410978,1.07427369269263e-05,185,"GRK2/LMNA/PABPN1/GNAS/RPL31/EEF2/RPL9/YY1/RPL21/RPL36A/RPL30/RPL19/RPLP2/RPL7A/RPL23/STUB1/RPL14/RPL6/CAMK2G/ABAT/RPL12/PARP1/RPL11/JUND/RPL28/EMD/HSP90AA1/CHRNB1/RPL5/RPL7/GSK3A/RPL27/ADRB2/MAP2K1/UBA52/CACNA2D4/GAA/RPL18/RPL29/SNTA1/RPL37/HDAC2/CACNA2D2/RPL39/RPL34/RPL15/RPL32/DOCK5/RPL13/RPL41/GSN/C12orf57/ROCK2/RPL36"
"NK","striated muscle contraction",2.28136246755874,1.17542971166576e-05,92,"EEF2/TPM1/ATP1A1/GRK2/RPL23/RPL17/GNAS/RPL4/RPL12/RPL9/RPL36/RPL36A/PRKACA/RPL27/RPL34/RPL11/RPL30/RPL38/RPL14/RPL28/RPL10/RPLP2/CHRNB1/RPL18/RPL15/RPL7A/FLNA/BIN1/RPL39/RPL24/RPL31/RPL35A/C12orf57/RPL5/RPL32/RPL37/RPL41/RPL35/RPL21/RPL7/RPL23A/DMPK/RPL13/RPL19/RPL8/PIK3CA/UBA52/RPL6/RPL18A/RPL29/RPL10A/HSP90AA1"
"NK","myoblast fusion",2.36626238965058,1.69414620795541e-05,57,"RPL23/RPL17/RPL4/RPL12/RPL9/RPL36/RPL36A/RPL27/RPL34/RPL11/RPL30/RPL38/RPL14/RPL28/RPL10/CD81/RPLP2/RPL18/RPL15/RPL7A/RPL39/RPL24/RPL31/PLEKHO1/RPL35A/RPL5/RPL32/RPL37/RPL41/RPL35/RPL21/RPL7/RPL23A/RPL13/RPL19/RPL8/UBA52/RPL6/RPL18A/RPL29/RPL10A"
"NK","anatomical structure formation involved in morphogenesis",1.79163319249597,2.22742395963612e-05,388,"HSPB1/LFNG/EMILIN2/VEGFB/KIF16B/TPM1/AMOT/ERAP1/BRD3/MICALL1/HMOX1/S1PR1/SSBP3/MBOAT7/RAMP1/ITGA5/AGFG2/FOXJ2/ZFPM1/HDAC5/RPL23/RPL17/FURIN/GNAS/TMOD3/PACSIN2/JMJD8/RPL4/RPL12/RPL9/RRAS/KLF2/RPL36/HIPK2/SRF/RPL36A/NINJ1/CCM2/KDM6B/PKNOX1/QKI/TIGD5/CAMK1/TBX1/AGFG1/MMRN1/RPL27/RGCC/ANXA1/AKT1/BSG/RPL34/RPL11/SH3PXD2A/DEAF1/HGS/SPTBN1/RPL30/RPL38/RHOB/HIPK1/ADAM17/RPL14/RPL28/RPL10/CD81/RBPJ/RPLP2/GNAI2/AKT3/HLA-G/CXCR3/SPINK2/RPL18/RPL15/RPL7A/OBSCN/DVL2/ROCK2/LEO1/RPL39/PLXDC1/BMPR2/SPHK1/EFNA3/HIF1A/NOLC1/RPL24/RPL31/CTR9/EGLN1/THBS1/PLEKHO1/RPL35A/RPL5/AGGF1/ZNF354C/SP1/KDM2B/STIM1/IGFBP7/PDPK1/RPL32/TGFB1/RPL37/GAB1/RPL41/RPL35/RPL21/RPL7/RPL23A/PAF1/ERBB2/ENG/ZNF304/RPL13/RPL19/HMGB1/RPL8/PIK3CA/FOXO4/NOTCH2/UBA52/BRCA1/WNK1/RPL6/SEMA4C/RPL18A/DLL1/TYROBP/SLC12A2/RNH1/TNFSF12/RPL29/TCOF1/RPL10A"
"CD14_CD163_macrophage","striated muscle cell differentiation",2.20220933718853,2.39199870956247e-05,109,"TPM1/RPL36/NACA/RPL27/RPL17/RPL32/RPL10A/RPL24/RPL11/RPL30/RPL4/RPL12/RPL34/RPL9/YY1/RPL36A/RBM38/RPL18A/RPL21/HDAC5/SKI/OBSCN/RPL19/RPL5/RPL10/RPL38/UBA52/RPL28/RPL35A/CD81/RPL18/RPL23/RPL29/RPL39/RPL41/RPL14/RPLP1/RPL15/RPLP2/RPL37/RPL31/MTLN/RPL7/RPL13/RPL35/MAML1/RPL7A"
"Cytotoxic_gamma_delta_T","striated muscle cell differentiation",2.13636276791951,2.43511960561339e-05,118,"RPL31/RPL9/YY1/RPL21/RPL36A/RPL30/RPL19/CD81/RPLP2/RPL7A/RPL23/RPL14/RPL6/RPL12/NACA/RPL11/RPL28/RPL5/RPL7/GSK3A/RPL27/TGFB1/PLEKHO1/UBA52/CAPN2/RPL18/RPL29/MAML1/RPL37/RPL39/RPL34/RPL15/RPL32/MTLN/DOCK5/RPL13/RPL41/RPL36/CBY1/TBX1/RPL17/ATP11A/TPM1/RPL35A/RPL38/RPL10/CCNB1/RPL8/RPL24/RPL18A/RPL35/RPLP0"
"NK","muscle structure development",1.90670475506979,2.56967780262356e-05,261,"YY1/EEF2/KIT/TPM1/PRR14/S1PR1/PDCD4/SOX4/CCNB1/ZFPM1/HDAC5/RPL23/RPL17/TMOD3/ZFP36L1/RPL4/PHF10/RPL12/RPL9/LMNA/MAML1/RPL36/HDGFL2/SRF/RPL36A/NINJ1/KDM6B/QKI/IFRD1/CAMK1/TBX1/RPL27/RPL34/UNC45A/RPL11/MEF2B/KDM1A/ZNF609/ATP11A/EID2/RPL30/SELENON/RPL38/SMARCA4/RPL14/RPL28/NACA/RPL10/CD81/RBPJ/RPLP2/SVIL/NFATC1/CHRNB1/RPL18/RPL15/RPL7A/OBSCN/BIN1/RPL39/GSK3A/CACYBP/RPL24/SMARCE1/ZBED6/RPL31/SMARCC2/PLEKHO1/RPL35A/RPL5/RPL32/TGFB1/BTBD1/RPL37/RPL41/RPL35/RPL21/RPL7/RPL23A/DMPK/ACTN4/DDX5/ENG/REST/RPL13/RPL19/RCAN1/PPARD/NFATC2/RPL8/KMT5B/FOXO4/NOTCH2/UBA52/RPL6/SEMA4C/RPL18A/TMEM204/DLL1/PDLIM5/RPL29/MEF2D/RPL10A"
"NK","myotube differentiation",2.28055445808281,2.69982028738221e-05,77,"HDAC5/RPL23/RPL17/RPL4/RPL12/RPL9/MAML1/RPL36/RPL36A/TBX1/RPL27/RPL34/RPL11/ATP11A/RPL30/SELENON/RPL38/RPL14/RPL28/NACA/RPL10/CD81/RPLP2/RPL18/RPL15/RPL7A/RPL39/RPL24/RPL31/PLEKHO1/RPL35A/RPL5/RPL32/RPL37/RPL41/RPL35/RPL21/RPL7/RPL23A/DMPK/RPL13/RPL19/RPL8/UBA52/RPL6/RPL18A/RPL29/RPL10A"
"Plasma_cells","negative regulation of myoblast fusion",2.45801350482371,2.99346223099296e-05,46,"RPL28/RPLP2/RPL19/RPL11/RPL23/RPL10/RPL37/RPLP1/RPL9/RPL21/RPL7/RPL31/RPL36A/RPL30/RPL41/RPL36/RPL12/RPL32/RPL35/RPL34/UBA52/RPL39"
"Plasma_cells","regulation of myoblast fusion",2.47909056634576,3.5095555575563e-05,52,"RPL28/RPLP2/RPL19/RPL11/RPL23/RPL10/RPL37/RPLP1/RPL9/RPL21/RPL7/RPL31/RPL36A/RPL30/PLEKHO1/RPL41/CD53/RPL36/RPL12/RPL32/RPL35/RPL34/UBA52/RPL39"
"Mast_cells","muscle cell differentiation",2.24027824602487,3.93771111292867e-05,64,"RPL17/RPL12/RPL34/RPL36/RPL4/RPL36A/RPL39/RPL32/RPL14/RPL10/RPL18/RPLP2/RPL31/RPL24/RPL9/RPL13A/RPL35A/RPL27/RPL28/RPL21/RPL10A/RPL37/RPL41/RPL11/RPL5/UBA52/RPL19/NACA/RPL30/RPL7/RPL35/RPL29/RPL18A/RPL37A/PDCD4/CD81/RPL15/RPL6/TGFB1/RPL38/AKAP13/RPL23A/ZNHIT1/RPL13/RPL8/RPLP1"
"Treg","negative regulation of myoblast fusion",2.4440062294998,9.2481728225314e-05,45,"RPL5/RPL11/RPL30/RPL12/RPL4/RPL9/RPL36A/RPL10/RPL32/RPL36/RPL17/RPL18A/RPL34/RPL21/RPL7A/RPLP0/RPL19/RPL6/RPL35/RPL39/RPL28/RPL27/RPL29/RPL23/RPL15/RPL41/RPL31/RPL38/RPL14/RPL35A/RPL10A/UBA52/RPL24"
"Cytotoxic_gamma_delta_T","negative regulation of developmental process",1.73438093783111,0.00010817489253709,396,"CLSTN3/ZFPM1/PSMB4/NFATC2/LDB1/GNAS/PCID2/ANXA1/SORL1/RPL31/HOPX/QKI/TSC22D1/S100B/SPSB3/ACVR2B/ZBTB16/B2M/RPL9/ZNF296/TBX21/USP19/YY1/RPL21/LBH/RFLNB/GDF11/RPL36A/RPL30/RTN4R/RPL19/TRIM46/RPLP2/RPL7A/RPL23/RPL14/RPL6/RPL12/PARP1/FOXJ2/RPL11/WNT1/GPS2/RPL28/ASCL2/LAPTM5/ANP32B/NELFB/ADCK1/RPL5/RPL7/GSK3A/BCL7C/CUL4A/RPL27/TGFB1/VAT1/UBA52/BBS12/RAPGEF2/SPRY2/BCR/CERS2/RPL18/DYNLT1/RPL29/CARM1/LDLR/FASLG/RPL37/HDAC2/NR1H3/SHOC2/RPL39/RPL34/RPL15/RPL32/RIOX1/CTR9/REST/YTHDF2/HDAC1/RPL13/RPL41/RUNX3/ROCK2/RPL36/NR1H2/CUL4B/MEN1/STAT1/ZFP36L1/NR1D1/CCDC85B/TBX1/LDLRAD4/CDKN1B/RPL17"
"IFN_activated_DC","anatomical structure formation involved in morphogenesis",1.73946118407391,0.000215271209642106,301,"RPL11/RPL30/RPL5/RPL32/VEGFB/RPL18/RPL10/RPL9/RPL7/RPL6/RPL4/RPL18A/RPL36A/RPL34/RPL29/RPL24/RPL17/RPL19/RPL12/GNAS/PTK2B/SRF/PACSIN2/CD81/HSPB1/OBSCN/LFNG/RPL21/MTHFR/RPL10A/RPL7A/RC3H1/RPLP2/ACTN1/FYN/RPL35A/RPL28/RPL39/RPL31/RPL36/RPLP0/RPL23/PDPK1/PGK1/AGFG1/DVL2/NOG/DEAF1/FLII/LEO1/EGLN1/NAA15/ITGA5/KDM6B/PRKCB/CTNNB1/RPL8/ADIPOR2/RPL35/ZFPM1/RPL13/PLEKHO1/CSRP1/SETD2/RPL15/TGFBR1/HGS/TBXA2R/TCOF1/UBA52/QKI/EMC10/RPL14/RPL41"
"Naive_CD8_T","regulation of myoblast fusion",2.31489358171487,0.000224720405172621,52,"RPL12/PLEKHO1/RPL4/RPL30/RPL5/RPL11/RPL36A/RPL32/RPL9/RPL7A/RPL7/RPL24/RPL34/RPL10/RPL17/RPL39/RPL36/RPL19/RPL28/RPL29/RPL35A/RPL6/RPL10A/RPL21/UBA52/RPLP1/RPL18A/RPL18/RPLP2/RPL23/RPL27/RPL38/RPL41/RPLP0/RPL31/RPL15/RPL14"
"Naive_CD8_T","myoblast fusion",2.29213202431611,0.000224720405172621,56,"RPL12/PLEKHO1/RPL4/RPL30/RPL5/RPL11/RPL36A/RPL32/RPL9/RPL7A/RPL7/RPL24/RPL34/RPL10/RPL17/RPL39/RPL36/RPL19/CD9/RPL28/RPL29/RPL35A/RPL6/RPL10A/RPL21/UBA52/RPLP1/RPL18A/RPL18/RPLP2/CD81/RPL23/RPL27/RPL38/RPL41/RPLP0/RPL31/RPL15/RPL14"
"Plasma_cells","striated muscle contraction",2.17638929940012,0.000233574280021205,95,"CALM3/RPL28/RGS2/GRK2/RPLP2/C12orf57/GNAS/RPL19/RPL11/RPL23/RPL10/RPL37/RPLP1/GSN/RPL9/RPL21/RPL7/RPL31/RPL36A/MYL4/RPL30/EHD3/RPL41/GAA/PIK3CA/RPL36/RPL12/FKBP1A/GSTO1/RPL32/RPL35/TRPM4/RPL34/UBA52/PRKACA/RPL39"
"IFN_activated_DC","developmental process involved in reproduction",1.79375877099968,0.000237344840315813,261,"RPL11/RPL30/RPL5/RPL32/RPL18/RPL9/RPL7/RPL6/RPL4/RPL18A/RPL34/RPL29/RPL24/RPL17/RPL19/RPL12/NCOA1/YY1/ODF2/RPL21/RPL10A/RPL7A/MKRN2/CSNK2A2/ZNF830/RPLP2/PRKACA/RPL35A/RPL28/PSMB4/RPL31/RPL36/RPLP0/RPL23/AGFG1/DAZAP1/DEAF1/WASHC5/PPP1R9B/LRRC8A/SEC23IP/KHDRBS1/RSBN1/IRF2BPL/PAFAH1B2/RPL8/MSH2/RPL35/MEA1/RPL13/PPARD/RPL15/PSMB5/HADH/XRN2/UBA52/NCOA4/RPL14/GPX4/RPL41/DCAF13/VPS13B/NOTCH1/RAC1/RPL38/CCNY/CRTAP/GTSF1/DCAF17/RNF2/RPL27/PAFAH1B3/NDRG3/BSG/TRIM27/SBF1/KDM2B/RPLP1/BTG1"
"NK","striated muscle cell differentiation",2.04044757503583,0.000298137236580838,117,"YY1/TPM1/CCNB1/HDAC5/RPL23/RPL17/TMOD3/RPL4/RPL12/RPL9/MAML1/RPL36/RPL36A/KDM6B/TBX1/RPL27/RPL34/RPL11/ATP11A/RPL30/SELENON/RPL38/RPL14/RPL28/NACA/RPL10/CD81/RPLP2/RPL18/RPL15/RPL7A/OBSCN/RPL39/GSK3A/CACYBP/RPL24/RPL31/PLEKHO1/RPL35A/RPL5/RPL32/TGFB1/RPL37/RPL41/RPL35/RPL21/RPL7/RPL23A/DMPK/RPL13/RPL19/RPL8/UBA52/RPL6/RPL18A/DLL1/PDLIM5/RPL29/RPL10A"
"NK","embryo development",1.81595751922995,0.000354732050678044,241,"YY1/MBD2/ZNF358/LFNG/MBD3/DVL1/KIF16B/KIT/TPRN/BRD3/MCRS1/SSBP3/XYLT1/CHD7/NPHP3/ITGA5/ZFPM1/FURIN/HOXB7/CUL4A/NECTIN1/BAP1/CDC42/ZNF568/YBX1/HIPK2/CREBBP/SRF/PBX2/KDM6B/PLXNA4/ECE1/RARG/TBX1/PPP1R35/KMT2A/UGDH/DEAF1/FUT8/HIPK1/NASP/RPL10/RBPJ/DVL2/ROCK2/LEO1/BMPR2/WDR5/SGF29/NOLC1/CTR9/PKD1/BAG6/KDM2B/MYADM/APOA1/TRIP12/TGFB1/RACGAP1/MT-ND4/C2orf49/PAF1/ENG/REST/DOP1B/MICAL2/NLRP2/NOTCH2/HOXB4/PBX3/CUL4B/BRCA1/WNK1/ATP6AP2/SEMA4C/RBM19/TDRD7/DLL1"
"T_cells_unresolved","myotube differentiation",2.2499006336322,0.000367941990877677,71,"RPL21/RPL23/RPL27/MAML1/RPL9/RPL34/MYEF2/RPL36A/NOTCH1/RPL35/RPL10A/RPL31/RPL41/RPL17/RPL38/RPL35A/RPL23A/RPL13/RPL4/RPL37/CD81/UBA52/NACA/RPL30/RPL13A/RPL18A/RPL36/RPL11/RPL5/RPL10/RPL12/SKI/RPL37A/RPL24/RPL28/RPL14/RPL29/RPL19/RPL7A/MAPK14/RPL18/RPLP2/RPL7/RPL32/CAPN2/RPL15/RPL39/PPP3CA"
"CD14_CD163_macrophage","muscle contraction",1.95308241934112,0.000379107180750772,134,"TPM1/RPL36/GSTM2/PABPN1/RPL27/RPL17/AKAP9/RPL32/RPL10A/GNAS/RPL24/RPL11/RPL30/RPL4/RPL12/GAA/RPL34/RPL9/GSN/RPL36A/RPL18A/VPS54/RPL21/CACNA2D4/ARHGEF11/LTB4R/GAMT/PRKACA/RPL19/RPL5/RPL10/RPL38/UBA52/RPL28/RPL35A/RPL18/RPL23/RPL29/RPL39/TNNI2/RPL41/RPL14/RPLP1/RPL15/PIK3CA/RPLP2/SNTB1/GRK2/RPL37/RPL31/RPL7/MAP2K1/SRF/RPL13"
"Naive_T_TCF7_","striated muscle contraction",2.19135206100554,0.000401797097616852,94,"GRK2/EEF2/GSTM2/RPL4/BIN1/GNAS/KCNH2/RPL30/VPS54/RPL12/RPL5/DMPK/RPL11/P2RX4/RPL9/KCNQ1/HSP90AA1/RPL17/RPL7A/RPL21/C12orf57/GSTO1/RPL34/RPL7/RPL32/SUMO1/RPL6/RPL18A/RPL10/SMAD7/RPL28/RPL39/RPL19/FKBP1A/RPL24/RPL29/GSN/RPL35A/RPL36A/RANGRF/RPL10A/CHUK/AKAP9/RPL23/RPL36/RPL38/PIK3CG/RPL41/RPL31/EHD3/RPL27/ATP1A1/RPLP2/RPL18/RPLP0/DLG1/RPL15/CALM3"
"Treg","regulation of myoblast fusion",2.29743849650981,0.000469270433807507,51,"RPL5/RPL11/RPL30/RPL12/RPL4/RPL9/RPL36A/RPL10/RPL32/RPL36/PLEKHO1/RPL17/RPL18A/RPL34/RPL21/RPL7A/RPLP0/RPL19/RPL6/RPL35/RPL39/RPL28/RPL27/RPL29/RPL23/RPL15/RPL41/RPL31/RPL38/RPL14/RPL35A/RPL10A/UBA52/RPL24"
"Plasma_cells","muscle contraction",1.98773937866607,0.000538392564580563,134,"CALM3/RPL28/RGS2/EMD/GRK2/KCNMA1/MYL6/RPLP2/C12orf57/GNAS/PABPN1/RPL19/RPL11/RPL23/RPL10/RPL37/RPLP1/GSN/RPL9/RPL21/RPL7/RPL31/RPL36A/MYL4/RPL30/EHD3/RPL41/GAA/SRF/PIK3CA/RPL36/RPL12/GAMT/FKBP1A/GSTO1/UTS2/RPL32/RPL35/TRPM4/RPL34/UBA52/ATP2B1/PRKACA/RPL39"
"Mast_cells","muscle contraction",2.08677254859486,0.000724268692489355,75,"RPL17/RPL12/RPL34/RPL36/RPL4/RPL36A/RPL39/RPL32/RPL14/RPL10/RPL18/RPLP2/GNAS/RPL31/RPL24/RPL9/RPL13A/RPL35A/RPL27/RPL28/MYL6/C12orf57/RPL21/RPL10A/RPL37/RPL41/RPL11/RPL5/UBA52/RPL19/RPL30/RPL7/RPL35/SRI/RPL29/RPL18A/RPL37A/RPL15/RPL6"
"NK","muscle contraction",1.97067726368103,0.000759671604318222,139,"EEF2/KIT/TPM1/PABPN1/ATP1A1/GRK2/RPL23/RPL17/GNAS/TMOD3/RPL4/RPL12/RPL9/RPL36/SRF/RPL36A/PRKACA/RPL27/RPL34/RPL11/RPL30/RPL38/RPL14/RPL28/RPL10/RPLP2/CACNA2D2/CHRNB1/RPL18/RPL15/RPL7A/ROCK2/FLNA/BIN1/RPL39/SPHK1/RPL24/RPL31/RPL35A/C12orf57/RPL5/RPL32/APBB1/RPL37/RPL41/TPM2/RPL35/RPL21/RPL7/RPL23A/DMPK/RPL13/RPL19/RPL8/PIK3CA/UBA52/RPL6/RPL18A/RPL29/RPL10A/HSP90AA1"
"Naive_T_TCF7_","muscle structure development",1.79790304274795,0.000885809961795192,264,"YY1/ID3/OLFM2/SEMA4C/PLEKHO1/SMARCC1/ZNF609/SOX8/NOG/PDLIM2/CD9/QKI/KMT5B/CDK9/EEF2/SRF/HDAC5/ACTN1/WDR1/RPL4/BIN1/RCAN1/ZFP36L1/RPL30/VPS54/RPL12/TMEM204/RPL5/SMARCA2/EID2/DMPK/SKI/ATP11A/GSK3A/RPL11/FOXO4/RPL9/CENPF/HDGFL2/MTLN/NINJ1/PBRM1/RPL17/SVIL/SELENON/OBSCN/RPL7A/UQCC2/PLCB1/VRK3/SMARCD2/CSRP1/CTNNB1/RPL21/MEF2B/ZBTB18/NACA/FXR1/RBM38/RPL34/RPL7/TGFBR1/RPL32/RPL6/RPL18A/TGFB1/CD81/RPL10/SMAD7/LRRC8A/COL6A3/ZNHIT1/REST/FHL3/UNC45A/SIRT2/KAT2A/RPL28/RPL39/NFATC3/SOX4/RPL19/BRD7/FKBP1A/ZBED6/RPL24/RPL29/IGSF8/RPL35A/RPL36A/RPL10A/KAT8/SMARCB1/CHUK/CD53/PHF10/RPL23/ZFPM1/RPL36/RPL38/MED1/MRTFA/MYL6/NKD1/TCF7L2/RPL41/COL6A1/MYH11/MAML1/RPL31/NFATC1/RPL27"
"Treg","myoblast fusion",2.29544359561988,0.000890300648014833,54,"RPL5/RPL11/RPL30/RPL12/RPL4/RPL9/RPL36A/RPL10/RPL32/RPL36/PLEKHO1/RPL17/RPL18A/RPL34/RPL21/RPL7A/RPLP0/RPL19/RPL6/RPL35/RPL39/RPL28/RPL27/RPL29/RPL23/RPL15/CD81/RPL41/RPL31/RPL38/RPL14/RPL35A/RPL10A/UBA52/RPL24"
"Naive_T_TCF7_","negative regulation of myoblast fusion",2.27234567704539,0.00098050911236943,46,"RPL4/RPL30/RPL12/RPL5/RPL11/RPL9/RPL17/RPL7A/RPL21/RPL34/RPL7/RPL32/RPL6/RPL18A/RPL10/RPL28/RPL39/RPL19/RPL24/RPL29/RPL35A/RPL36A/RPL10A/RPL23/RPL36/RPL38/RPL41/RPL31/RPL27/RPLP2/RPL18/RPLP0/RPL15/UBA52"
"Mast_cells","muscle structure development",1.97949911999328,0.00111248126241842,90,"RPL17/RPL12/RPL34/RPL36/RPL4/RPL36A/RPL39/RPL32/RPL14/RPL10/RPL18/ZFP36L1/RPLP2/RPL31/RPL24/RPL9/RPL13A/RPL35A/RPL27/RPL28/MYL6/RPL21/RPL10A/RPL37/RPL41/RPL11/RPL5/UBA52/RPL19/NACA/RPL30/BRD7/RPL7/RPL35/RPL29/RPL18A/SMARCC1/RPL37A/ARID1A/PDCD4/CD81/RPL15/RPL6/TGFB1/SMARCE1/PDLIM1/RPL38/AKAP13/RPL23A/EEF2/ZNHIT1"
"Cytotoxic_gamma_delta_T","developmental process involved in reproduction",1.68753096536566,0.00115185376827525,329,"TESK1/PSMB4/REC8/CSNK2A2/RPL31/IGF2R/RPL9/ZNF296/CHD7/YY1/TCFL5/RPL21/MYBL1/TUT7/RPL30/RPL19/AKR1C3/RPLP2/RPL7A/PSMB5/RPL23/AGFG2/RPL14/RPL6/RPL12/PARP1/FOXJ2/GPX4/RPL11/RPL28/STK11/ZFP57/ALKBH5/MOV10/RPL5/RPL7/RSBN1/CUL4A/RPL27/ODF2/PKD1/USP9Y/UBA52/EOMES/CRTAP/RPL18/SPATA2/RPL29/LRRC8A/HOXA10/PSAP/RPL37/CATSPER1/RPL34/RPL15/TDRD7/RPL32/CCNYL1/SLCO4C1/YTHDF2/RPL13/RPL41/CADM1/ZDBF2/RPL36/LSM14B/CSDE1/BCAP31/TDRKH/CUL4B/FAM50A/VIPAS39/RPL17/SELENOF/CTNNA1/NME8/ADAM15/ADGRG1/RPL35A/SEPTIN4/CTCF/RPL38/USP42/TESC/CETN2/TMEM203/CCNB1/RAN/RPL8/RPL24/RPL39L/MKRN2/DHX37/RPL18A/MSH6/PSMA3/RPL35/KATNAL1/CEP131/CEP128/RPLP0"
"Mast_cells","muscle system process",1.92768373432732,0.00121615524766067,88,"RPL17/RPL12/RPL34/RPL36/RPL4/RPL36A/RPL39/RPL32/RPL14/IL1B/RPL10/RPL18/RPLP2/GNAS/RPL31/RPL24/RPL9/RPL13A/RPL35A/RPL27/RPL28/MYL6/C12orf57/RPL21/RPL10A/RPL37/RPL41/RPL11/RPL5/UBA52/RPL19/RPL30/RPL7/RPL35/SRI/RPL29/RPL18A/RPL37A/RPL15/RPL6"
"NK","embryonic organ development",2.07427060504029,0.00136722273584295,87,"MBD2/MBD3/DVL1/KIT/TPRN/CHD7/NPHP3/ZFPM1/HOXB7/NECTIN1/CDC42/ZNF568/HIPK2/SRF/PBX2/PLXNA4/ECE1/RARG/TBX1/PPP1R35/KMT2A/HIPK1/RPL10/RBPJ/DVL2/PKD1/KDM2B/TGFB1/ENG/REST/MICAL2/NOTCH2/HOXB4/PBX3/DLL1/PCSK5/THOC5/TNF/TAF10/HOXB3/PBX4/SETDB2/SH2B3/MESP1/RAD23B/POLE"
"Cytotoxic_gamma_delta_T","muscle cell differentiation",1.84492547403471,0.00139707030692445,164,"NFATC2/RPL31/QKI/KDM1A/RPL9/YY1/RPL21/RPL36A/RPL30/HDGFL2/RPL19/CD81/RPLP2/RPL7A/RPL23/RPL14/RPL6/RPL12/NACA/RPL11/RPL28/CHRNB1/RPL5/RPL7/GSK3A/RPL27/TGFB1/PLEKHO1/UBA52/CAPN2/RPL18/RPL29/MAML1/RPL37/RPL39/RPL34/RPL15/RPL32/MTLN/DOCK5/RPL13/RPL41/CDK9/RPL36/CBY1/TBX1/RPL17/ATP11A/TPM1/NINJ1/RPL35A/RPL38/RPL10/ZBED6/CCNB1/RPL8/RPL24/ACTN1/RPL18A/RPL35/RPLP0"
"Cytotoxic_gamma_delta_T","muscle structure development",1.72091589257962,0.00177709183470494,270,"ZFPM1/LMNA/NFATC2/RPL31/QKI/S100B/KDM1A/EEF2/FHL3/RPL9/IGSF8/USP19/YY1/RPL21/PLCB1/RPL36A/RPL30/HDGFL2/RPL19/CD81/RPLP2/RPL7A/RPL23/RPL14/RPL6/RPL12/NACA/RPL11/RPL28/EMD/ARID1B/CHRNB1/RPL5/RPL7/GSK3A/RPL27/TGFB1/XKR8/S1PR1/PLEKHO1/UBA52/CAPN2/SMARCC2/RPL18/RPL29/LRRC8A/MAML1/TCF7L2/RPL37/VAMP5/RPL39/RPL34/RPL15/RPL32/MTLN/REST/DOCK5/RPL13/RPL41/CDK9/RPL36/CBY1/ZFP36L1/UNC45A/TBX1/RPL17/ATP11A/TPM1/NINJ1/SMARCD1/RPL35A/RPL38/RPL10/ACTL6A/ZBED6/CCNB1/RPL8/RPL24"
"T_cells_unresolved","striated muscle cell differentiation",1.97794624716748,0.00179099584421145,101,"RPL21/RPL23/RPL27/SMAD4/TPM1/MAML1/RPL9/RPL34/MYEF2/RPL36A/NOTCH1/FLII/RPL35/RPL10A/RPL31/RPL41/RPL17/RPL38/RPL35A/RPL23A/RPL13/RPL4/RPL37/PDGFRB/CD81/UBA52/NACA/RPL30/RPL13A/YY1/RPL18A/RPL36/RPL11/RPL5/TMOD3/CASP3/KAT2A/RPL10/RPL12/SKI/RPL37A/RPL24/RPL28/TTN/RPL14/RPL29/RPL19/RPL7A/MAPK14/RPL18/ARRB2/RPLP2/RPL7/RPL32/MTLN/CAPN2"
"NK","muscle system process",1.80934224355255,0.0018508642173977,181,"YY1/EEF2/KIT/TPM1/PABPN1/ATP1A1/HMOX1/GRK2/RPL23/RPL17/GNAS/TMOD3/RPL4/RPL12/RPL9/LMNA/RPL36/JUND/SRF/RPL36A/PRKACA/RPL27/RPL34/RPL11/RPL30/RPL38/RPL14/RPL28/RPL10/RPLP2/CACNA2D2/CHRNB1/RPL18/RPL15/RPL7A/ROCK2/FLNA/BIN1/RPL39/SPHK1/GSK3A/RPL24/RPL31/RPL35A/C12orf57/RPL5/RPL32/APBB1/RPL37/RPL41/TPM2/RPL35/RPL21/RPL7/RPL23A/DMPK/RPL13/RPL19/RPL8/PIK3CA/UBA52/RPL6/RPL18A/PDLIM5/RPL29/RPL10A/HSP90AA1/INPP5F/FOXP1/LTB4R/TTN/STUB1/FOXO1/TNF/RPLP0/ARRB1"
"Naive_CD8_T","muscle cell differentiation",1.85870470238964,0.00221556382220884,165,"YY1/ACTN1/RPL12/SRF/PLEKHO1/OBSCN/ACTN4/HDGFL2/SELENON/RPL4/RPL30/RPL5/MTLN/TPM1/NACA/OLFM2/CDK9/QKI/MAML1/GSK3A/SEMA4C/FHL2/TMEM204/CACYBP/RPL11/RBM38/RPL36A/RPL32/KDM1A/WDR1/RPL9/RPL7A/RPL7/BIN1/NFATC1/RPL24/PTBP1/RPL34/RPL10/RPL17/RPL39/RPL36/RPL19/CD9/RPL28/G6PD/RPL29/ENG/RPL35A/HDAC5/RPL6/RPL10A/RPL21/UBA52/RPLP1/RPL18A/TGFB1/RPL18/RPLP2/CD81/RPL23/RPL27/RCAN1/RPL38/RPL41/RPLP0/FLII/RBM4/NEURL2/TTN/RPL31/ARRB2/RPL15/RPL14/SMAD4"
"Naive_T_TCF7_","muscle cell differentiation",1.88635692371211,0.00224440203017969,156,"YY1/OLFM2/SEMA4C/PLEKHO1/CD9/QKI/CDK9/SRF/HDAC5/ACTN1/WDR1/RPL4/BIN1/RCAN1/RPL30/RPL12/TMEM204/RPL5/DMPK/SKI/ATP11A/GSK3A/RPL11/FOXO4/RPL9/HDGFL2/MTLN/NINJ1/RPL17/SELENON/OBSCN/RPL7A/CSRP1/RPL21/NACA/RBM38/RPL34/RPL7/RPL32/RPL6/RPL18A/TGFB1/CD81/RPL10/ZNHIT1/KAT2A/RPL28/RPL39/NFATC3/RPL19/ZBED6/RPL24/RPL29/RPL35A/RPL36A/RPL10A/CHUK/CD53/RPL23/RPL36/RPL38/MRTFA/RPL41/COL6A1/MYH11/MAML1/RPL31/NFATC1/RPL27/RPLP2/NEURL2/RPL18/RPLP0/RPL15/ACTN4/PPARA"
"CD14_CD163_macrophage","muscle cell differentiation",1.82329595891398,0.00236278140076464,146,"TPM1/RPL36/NACA/RPL27/RPL17/RPL32/RPL10A/RPL24/RPL11/RPL30/RPL4/RPL12/RPL34/RPL9/YY1/RPL36A/RBM38/ACTN1/RPL18A/RPL21/HDAC5/SKI/OBSCN/EHMT1/SMARCD3/RPL19/RPL5/RPL10/RPL38/UBA52/RPL28/RPL35A/CD81/RPL18/RPL23/RPL29/RPL39/RPL41/RPL14/RPLP1/RPL15/RPLP2/KDM1A/HDGFL2/RPL37/RPL31/MTLN/RPL7/SRF/RPL13"
"NK","negative regulation of developmental process",1.5914691229989,0.00250499418332016,396,"YY1/CLSTN3/CST3/PSMB4/AMOT/ING1/PDCD4/ANP32B/GDF11/BCL7C/SOX4/DTNBP1/NPHP3/FOXJ2/ZFPM1/HDAC5/RPL23/RPL17/GNAS/TPT1/ZFP36L1/CUL4A/ULK1/RPL4/VAT1/RPL12/RPL9/PINK1/SPSB3/BCOR/SUFU/KLF2/CDK5RAP2/RPL36/RUFY3/RPL36A/CDKN1B/QKI/CRIM1/BBS2/TBX1/KLF7/NELFB/RPL27/RGCC/ANXA1/ZNF706/ZNF296/RPL34/BCR/RAPGEF2/RPL11/ERFE/HGS/RPL30/LBH/RPL38/GDI1/SMARCA4/RPL14/RPL28/TBX21/RPL10/ABCA5/LDB1/RPLP2/HLA-G/CXCR3/NFATC1/RPL18/RPL15/RPL7A/ROCK2/APPL2/TRIO/LEO1/RPL39/EFNA3/STAT5A/GSK3A/RPL24/SORL1/ZBED6/RPL31/CTR9/LYN/GPS2/THBS1/RPL35A/MEN1/RPL5/SUZ12/B2M/ZNF354C/RPL32/TGFB1/SAP30L/RBBP4/KLF13/RPL37/VGLL4/RPL41/RPL35/HNRNPU/RPL21/RPL7/RPL23A/PAF1/MYC/REST/ZNF675/RPL13/RPL19/RCAN1/HMGB1/PPARD/NFATC2/RPL8/FOXO4/UBA52/SAP30/CUL4B/RPL6/EPHA4/WDTC1/RPL18A/DLL1/SRSF6/SLC12A2/RPL29/RPL10A/RUNX3/BICRA"
"Treg","myotube differentiation",2.05934192901261,0.00252560994073688,72,"RPL5/RPL11/RPL30/RPL12/RPL4/RPL9/HDAC5/RPL36A/NACA/RPL10/RPL32/RPL36/RBM38/PLEKHO1/RPL17/RPL18A/PLEC/RPL34/RPL21/RPL7A/RPLP0/PIEZO1/RPL19/RPL6/RPL35/RPL39/RPL28/RPL27/RPL29/RPL23/RPL15/SELENON/CD81/RPL41/RPL31/RPL38/RPL14/RPL35A/RPL10A/UBA52/RPL24/MAML1"
"NK","tube development",1.64185598278229,0.00254963049078925,312,"HECA/HSPB1/ZNF358/EMILIN2/DVL1/VEGFB/KIT/AMOT/ERAP1/MICALL1/HMOX1/LTA4H/S1PR1/SSBP3/SOX4/RAMP1/NPHP3/CCNB1/ITGA5/FOXJ2/HDAC5/PACSIN2/CTSZ/JMJD8/HOXB7/CDC42/RRAS/KLF2/HIPK2/SRF/NINJ1/CCM2/PKNOX1/PLXNA4/QKI/ECE1/TBX1/MMRN1/RGCC/ANXA1/CEBPA/AKT1/BSG/RAPGEF2/DEAF1/HGS/RHOB/HIPK1/FER/RBPJ/CUL7/GNAI2/AKT3/HLA-G/CXCR3/DVL2/ROCK2/PLXDC1/BMPR2/SPHK1/EFNA3/HIF1A/EGLN1/THBS1/PKD1/BAG6/AGGF1/ELMO2/ZNF354C/SP1/CAT/KDM2B/STIM1/IGFBP7/PDPK1/TGFB1/PAXIP1/GAB1/ERBB2/MYC/ENG/ZNF304/MICAL2/HMGB1/PIK3CA/FOXO4/NOTCH2/BRCA1/WNK1/ATP6AP2/SEMA4C/DLL1/SRSF6/SLC12A2/RNH1/TNFSF12"
"Treg","striated muscle cell differentiation",1.97164691055664,0.00266797020047804,107,"YY1/KAT2A/RPL5/OBSCN/RPL11/RPL30/RPL12/RPL4/TGFB1/MTLN/RPL9/HDAC5/RPL36A/NACA/RPL10/RPL32/RPL36/SMAD4/RBM38/PLEKHO1/RPL17/RPL18A/PLEC/RPL34/RPL21/RPL7A/RPLP0/SIRT6/PIEZO1/RPL19/FLII/RPL6/RPL35/RPL39/WDR1/RPL28/RPL27/RPL29/RPL23/RPL15/SELENON/CD81/RPL41/RPL31/RPL38/RPL14/RPL35A/RPL10A/TOMM70/UBA52/RPL24/MAML1/KDM6B"
"Mast_cells","negative regulation of developmental process",1.75499428856823,0.00268520891914641,141,"RPL17/PSMB4/HSPA9/SRGN/RPL12/RPL34/ZNF706/RPL36/PCM1/RPL4/RPL36A/RPL39/RPL32/RPL14/IL1B/RPL10/RPL18/ZFP36L1/RPLP2/GNAS/RPL31/RPL24/RPL9/RPL13A/PSMB8/RPL35A/RPL27/RPL28/PSMA3/CCDC85B/RPL21/RPL10A/TSC22D1/RPL37/HMGB1/CST3/RPL41/RPL11/RPL5/PRMT1/UBA52/LYN/RPL19/RPL30/RPL7/RPL35/RPL29/RPL18A/SMARCC1/RPL37A/PSMB2/PDCD4/RPL15/PML/MYB/RPL6/PTPN6/TGFB1"
"Treg","muscle system process",1.8100254652099,0.00301581445004169,167,"FOXO1/YY1/GRK2/GNAS/BIN1/PRKACA/TNFRSF1A/SETD3/RPL5/SRF/PABPN1/RPL11/RANGRF/RPL30/RPL12/RPL4/PDE9A/EEF2/RPL9/RPL36A/RPL10/RPL32/RPL36/HDAC2/GSTM2/SMAD4/RPL17/RPL18A/ARRB1/JUND/ATP1A1/RPL34/RPL21/RPL7A/RPLP0/CAMK2G/STUB1/RPL19/RPL6/RPL35/RPL39/TPM3/RPL28/RPL27/RPL29/CHRNB1/RPL23/RPL15/RPL41/ACTA2/SOD1/RPL31/DAG1/RPL38/RPL14/RPL35A/RPL10A/ATP2B1/TOMM70/UBA52/RPL24/PRKCA/HSP90AA1/ARHGEF11/TPM4/ROCK2/RPL18/NOTCH1/PAK1/RPLP2/KCNQ1/LMNA/TWF1/CHUK/PIK3CG/GSK3A/EMD/ARRB2/RPL13"
"Treg","striated muscle contraction",1.97666689152647,0.00304819071660931,92,"GRK2/GNAS/BIN1/PRKACA/RPL5/RPL11/RANGRF/RPL30/RPL12/RPL4/EEF2/RPL9/RPL36A/RPL10/RPL32/RPL36/GSTM2/RPL17/RPL18A/ATP1A1/RPL34/RPL21/RPL7A/RPLP0/RPL19/RPL6/RPL35/RPL39/RPL28/RPL27/RPL29/CHRNB1/RPL23/RPL15/RPL41/RPL31/RPL38/RPL14/RPL35A/RPL10A/UBA52/RPL24/HSP90AA1/ARHGEF11"
"Naive_CD8_T","striated muscle cell differentiation",1.87736282702979,0.00324061072297631,120,"YY1/RPL12/PLEKHO1/OBSCN/SELENON/RPL4/RPL30/RPL5/MTLN/TPM1/NACA/MAML1/GSK3A/FHL2/CACYBP/RPL11/RBM38/RPL36A/RPL32/WDR1/RPL9/RPL7A/RPL7/RPL24/RPL34/RPL10/RPL17/RPL39/RPL36/RPL19/CD9/RPL28/G6PD/RPL29/RPL35A/HDAC5/RPL6/RPL10A/RPL21/UBA52/RPLP1/RPL18A/TGFB1/RPL18/RPLP2/CD81/RPL23/RPL27/RPL38/RPL41/RPLP0/FLII/NEURL2/TTN/RPL31/ARRB2/RPL15/RPL14/SMAD4"
"Plasma_cells","muscle system process",1.76465152016226,0.00346833719038306,175,"CALM3/RPL28/RGS2/EMD/GRK2/KCNMA1/MYL6/NOTCH1/RPLP2/C12orf57/GNAS/FOXO1/PABPN1/RPL19/RPL11/JUND/YY1/RPL23/RPL10/RPL37/RPLP1/GSN/RPL9/RPL21/RPL7/RPL31/RPL36A/MYL4/RPL30/PARP1/EHD3/RPL41/GAA/SRF/PIK3CA/RPL36/RPL12/GAMT/FKBP1A/GSTO1/UTS2/FOXP1/RPL32/RPL35/TNFRSF1B/TRPM4/RPL34/UBA52/ATP2B1/TOMM70/PRKACA/RPL39"
"Cytotoxic_gamma_delta_T","chordate embryonic development",1.92007547060978,0.00347504704150833,90,"LFNG/DVL1/HOPX/SSBP3/MT-ND4/CHD7/FGFR1/PCSK5/BAP1/SCRIB/ASCL2/HOXB4/HOXC4/PKD2/CNOT3/CUL4A/TGFB1/PKD1/EOMES/NBN/FURIN"
"Treg","muscle structure development",1.72741409886348,0.00353725943642059,248,"ID3/NOG/YY1/BIN1/KAT2A/ZFP36L1/MRTFA/RPL5/SRF/ZFPM1/EHMT1/OBSCN/PBRM1/RPL11/RPL30/SMARCC2/RPL12/RPL4/FHL3/EEF2/TGFB1/HINFP/MTLN/CDK9/QKI/PHF10/RPL9/HDAC5/RPL36A/NACA/RPL10/RPL32/ZNF609/RPL36/PDLIM2/SMAD4/RBM38/PLEKHO1/MEF2B/RPL17/RPL18A/PLEC/RPL34/USP19/RPL21/RPL7A/RPLP0/PDLIM7/KDM1A/SIRT6/EID2/PIEZO1/PAXBP1/MEF2D/RPL19/FLII/OLFM2/RPL6/LEMD2/RPL35/SMARCD1/PDCD4/RPL39/WDR1/RPL28/RPL27/RPL29/CHRNB1/FXR1/RPL23/RPL15/SELENON/CD81/RPL41/BTBD1/SMARCE1/RPL31/DAG1/TMEM204/RPL38/BRD7/KMT5B/HIF1AN/RPL14/RPL35A/RPL10A/TOMM70/UBA52/RPL24/MAML1/SIRT1/RBM4/KDM6B/RPL18/NOTCH1/HDGFL2/VAMP5/PAK1/RPLP2/SMARCA2/ZBED6/NFATC3/REST/UNC45A/MED1/ARID1A/LMNA/MECP2/SMARCC1/MSC/CHUK/GSK3A/CASP3/S1PR1/EMD/ARRB2/RPL13"
"Naive_T_TCF7_","myotube differentiation",2.0699796571204,0.00367993528186938,74,"PLEKHO1/CD9/HDAC5/RPL4/RPL30/RPL12/RPL5/DMPK/SKI/ATP11A/RPL11/RPL9/RPL17/SELENON/RPL7A/RPL21/NACA/RBM38/RPL34/RPL7/RPL32/RPL6/RPL18A/CD81/RPL10/RPL28/RPL39/RPL19/RPL24/RPL29/RPL35A/RPL36A/RPL10A/CD53/RPL23/RPL36/RPL38/RPL41/COL6A1/MAML1/RPL31/RPL27/RPLP2/RPL18/RPLP0/RPL15"
"Naive_T_TCF7_","muscle contraction",1.91110920056365,0.00415891072839719,136,"GRK2/APBB1/SETD3/ROCK1/EEF2/SRF/GSTM2/PABPN1/CD38/RPL4/BIN1/GNAS/KCNH2/GAMT/RPL30/VPS54/RPL12/RPL5/DMPK/RPL11/P2RX4/RPL9/KCNQ1/HSP90AA1/RPL17/TPM2/CACNB1/RPL7A/RPL21/C12orf57/GSTO1/RPL34/RPL7/RPL32/SUMO1/RPL6/RPL18A/RPL10/SMAD7/RPL28/RPL39/RPL19/STUB1/FKBP1A/RPL24/RPL29/GSN/RPL35A/RPL36A/RANGRF/RPL10A/CHUK/MAP2K1/AKAP9/RPL23/RPL36/RPL38/MYL6/PIK3CG/RPL41/MYH11/RPL31/EHD3/RPL27/ATP1A1/RPLP2/RPL18/TPM4/RPLP0/DLG1/RPL15/CALM3"
"CD1C_DC","negative regulation of myoblast fusion",2.1024956966755,0.00483737808122741,45,"RPL27/RPL23A/RPL36/RPLP2/RPL12/RPLP0/UBA52/RPL21/RPL31/RPL24/RPL5/RPL9/RPL23/RPLP1/RPL36A/RPL41/RPL7/RPL32/RPL17/RPL14/RPL34/RPL10A/RPL30/RPL18A"
"CD14_CD163_macrophage","muscle structure development",1.63904116426565,0.00498950576795328,243,"TPM1/RPL36/SVIL/LRRC8A/NACA/SOX4/NOG/RPL27/RPL17/RPL32/RPL10A/RPL24/RPL11/RPL30/RPL4/RPL12/ZFPM1/RPL34/RPL9/YY1/DDX17/PDLIM2/ARID1A/PAXBP1/SFMBT1/RPL36A/TCF12/RBM38/VRK3/ACTN1/RPL18A/VPS54/RPL21/HDAC5/SKI/OBSCN/MED1/EHMT1/SMARCD3/RPL19/RPL5/EID2/RPL10/RPL38/UBA52/RPL28/RPL35A/CD81/RPL18/RPL23/ID3/RPL29/RPL39/RPL41/XKR8/RPL14/SMARCA2/RPLP1/UNC45A/RPL15/RPLP2/KDM1A/FHL3/HDGFL2/RPL37/RPL31/MTLN/RPL7/SRF/FLNB/RPL13/COPRS/SMARCB1/LEMD2/CHD2/RPL35/MAML1/RPL7A/ACTL6A/SMARCC2/BTG1/SMARCD1/RPLP0/CCNT2/TTN/BTBD1/FLII/TMOD2/S100B/GLMN/SRA1/QKI/CASP3/CASP7/PLEC/IGSF8/SIRT2"
"Naive_CD8_T","myotube differentiation",2.03891311594863,0.00577633456761901,76,"RPL12/PLEKHO1/SELENON/RPL4/RPL30/RPL5/NACA/MAML1/RPL11/RBM38/RPL36A/RPL32/RPL9/RPL7A/RPL7/RPL24/RPL34/RPL10/RPL17/RPL39/RPL36/RPL19/CD9/RPL28/RPL29/RPL35A/HDAC5/RPL6/RPL10A/RPL21/UBA52/RPLP1/RPL18A/RPL18/RPLP2/CD81/RPL23/RPL27/RPL38/RPL41/RPLP0"
"T_cells_unresolved","striated muscle contraction",1.95297235085713,0.0060606285358693,84,"RPL21/RPL23/GRK2/GAA/RPL27/TPM1/RPL9/RPL34/RPL36A/RPL35/RPL10A/BIN1/RPL31/RPL41/RPL17/RPL38/RPL35A/RPL23A/RPL13/C12orf57/RPL4/RANGRF/RPL37/UBA52/RPL30/RPL13A/RPL18A/RPL36/RPL11/CAMK2D/RPL5/AKAP9/RPL10/RPL12/RPL37A/RPL24/RPL28/TTN/RPL14/RPL29/RPL19/HSP90AA1/RPL7A/RPL18/RPLP2/RPL7/RPL32/SMAD7/GNAS/RPL15/VPS54/RPL39"
"Treg","muscle cell differentiation",1.83093671437618,0.00630219005651951,150,"YY1/BIN1/KAT2A/MRTFA/RPL5/SRF/EHMT1/OBSCN/RPL11/RPL30/RPL12/RPL4/TGFB1/MTLN/CDK9/QKI/RPL9/HDAC5/RPL36A/NACA/RPL10/RPL32/RPL36/SMAD4/RBM38/PLEKHO1/RPL17/RPL18A/PLEC/RPL34/RPL21/RPL7A/RPLP0/KDM1A/SIRT6/PIEZO1/RPL19/FLII/OLFM2/RPL6/RPL35/PDCD4/RPL39/WDR1/RPL28/RPL27/RPL29/CHRNB1/RPL23/RPL15/SELENON/CD81/RPL41/RPL31/TMEM204/RPL38/RPL14/RPL35A/RPL10A/TOMM70/UBA52/RPL24/MAML1/SIRT1/RBM4/KDM6B/RPL18/NOTCH1/HDGFL2/PAK1/RPLP2/ZBED6/NFATC3"
"Treg","muscle contraction",1.8514743280597,0.00765581198717006,126,"GRK2/GNAS/BIN1/PRKACA/SETD3/RPL5/SRF/PABPN1/RPL11/RANGRF/RPL30/RPL12/RPL4/EEF2/RPL9/RPL36A/RPL10/RPL32/RPL36/GSTM2/RPL17/RPL18A/ATP1A1/RPL34/RPL21/RPL7A/RPLP0/STUB1/RPL19/RPL6/RPL35/RPL39/TPM3/RPL28/RPL27/RPL29/CHRNB1/RPL23/RPL15/RPL41/ACTA2/SOD1/RPL31/RPL38/RPL14/RPL35A/RPL10A/ATP2B1/UBA52/RPL24/HSP90AA1/ARHGEF11/TPM4/ROCK2/RPL18"
"T_cells_unresolved","muscle contraction",1.83467715927168,0.00772729097708011,119,"PABPN1/RPL21/RPL23/GRK2/GAA/RPL27/TPM1/RPL9/LTB4R/RPL34/RPL36A/PPP1R12B/RPL35/RPL10A/BIN1/RPL31/RPL41/RPL17/DAPK3/RPL38/RPL35A/RPL23A/RPL13/C12orf57/RPL4/RANGRF/RPL37/UBA52/RPL30/RPL13A/RPL18A/RPL36/SRF/RPL11/CAMK2D/RPL5/TMOD3/PIK3C2A/ENO1/AKAP9/RPL10/RPL12/RPL37A/RPL24/RPL28/TTN/RPL14/RPL29/CD38/RPL19/HSP90AA1/PROK2/RPL7A/RPL18/RPLP2/RPL7/RPL32/SMAD7/GNAS/RPL15/NMUR1/CACNA2D2/VPS54/RPL39"
"T_cells_unresolved","muscle cell differentiation",1.80359310937176,0.00820672298369313,137,"RPL21/RPL23/RPL27/SMAD4/TMEM204/TPM1/MAML1/HDGFL2/RPL9/RPL34/MYEF2/RPL36A/NOTCH1/FLII/RPL35/RPL10A/BIN1/RPL31/RPL41/RPL17/RPL38/RPL35A/GLMN/RPL23A/RPL13/SEMA4C/RPL4/RPL37/PDGFRB/CD81/UBA52/NACA/RPL30/RPL13A/EHMT1/YY1/RPL18A/RPL36/SRF/RPL11/RPL5/CDK9/TMOD3/CASP3/KAT2A/RPL10/RPL12/SKI/RPL37A/RPL24/RPL28/TTN/RPL14/RPL29/RPL19/PTBP1/RPL7A/MAPK14/RPL18/ZNHIT1/ARRB2/RPLP2/RPL7/RPL32/MTLN/CAPN2/SYNE1/RPL15/PDCD4/RPL39/PPP3CA/ACTN1/NFATC2"
"Naive_CD8_T","striated muscle contraction",1.88339068931319,0.00827602686556318,101,"GRK2/RPL12/EEF2/KCNQ1/SNTA1/RPL4/RPL30/GNAS/RPL5/TPM1/HSP90AA1/RPL11/RPL36A/PRKACA/RPL32/RPL9/RPL7A/RPL7/BIN1/GSTM2/RPL24/RPL34/RPL10/RPL17/RPL39/RPL36/RPL19/RPL28/GAA/RPL29/RPL35A/C12orf57/RPL6/FKBP1A/RPL10A/RPL21/UBA52/RPLP1/RPL18A/RPL18/RPLP2/RPL23/RPL27/CALM3/RPL38/PIK3CG/RPL41/RPLP0"
"Naive_CD8_T","muscle structure development",1.63608974219128,0.00827602686556318,281,"YY1/ACTN1/FHL3/RPL12/SRF/PLEKHO1/NOG/OBSCN/EEF2/ZFP36L1/ACTN4/SOX4/HDGFL2/SELENON/RPL4/RPL30/SMARCC1/RPL5/MTLN/TPM1/EID2/NACA/OLFM2/ID3/CDK9/QKI/MAML1/GSK3A/SEMA4C/FHL2/ZFPM1/TMEM204/CACYBP/RPL11/KMT5B/PHF10/ZNF609/RBM38/PDLIM2/ZBTB18/SMARCA2/RPL36A/RPL32/KDM1A/WDR1/RPL9/RPL7A/RPL7/BIN1/NFATC1/RPL24/SOX8/PTBP1/SMARCA4/RPL34/RPL10/SMARCE1/RPL17/RPL39/RPL36/RPL19/CD9/RPL28/G6PD/PLCB1/RPL29/ENG/RPL35A/HDAC5/SMARCB1/RPL6/FKBP1A/RPL10A/RPL21/UBA52/RPLP1/RPL18A/TGFB1/RPL18/RPLP2/CD81/RPL23/CENPF/RPL27/REST/TGFBR1/RCAN1/RPL38/RPL41/RPLP0/BRD7/FLII/RBM4/TCF7L2/MEF2B/NEURL2/SIRT2/EID2B/TTN/LRRC8A/RPL31/FXR1/ARRB2/CTNNB1/ARID1A/RPL15/XKR8/RPL14/SMAD4/BTBD1/HINFP"
"Naive_T_TCF7_","myoblast fusion",2.00204049195869,0.00945014566882418,56,"PLEKHO1/CD9/RPL4/RPL30/RPL12/RPL5/RPL11/RPL9/RPL17/RPL7A/RPL21/RPL34/RPL7/RPL32/RPL6/RPL18A/CD81/RPL10/RPL28/RPL39/RPL19/RPL24/RPL29/RPL35A/RPL36A/RPL10A/CD53/RPL23/RPL36/RPL38/RPL41/RPL31/RPL27/RPLP2/RPL18/RPLP0/RPL15"
"pDC","regulation of myoblast fusion",2.13094561283331,0.0103256572058872,48,"PLEKHO1/RPL7/RPL9/RPL24/RPL30/RPL12/RPL19/RPL23/RPL34/RPL32/RPL10/RPL27/RPL39/RPL18A/RPL17/RPL41/RPLP2/RPL11/RPL35A/RPL21/RPL7A/RPL36/RPL36A/UBA52/RPL8/RPL31/RPL37/RPL29/RPL5"
"Naive_T_TCF7_","regulation of myoblast fusion",2.00339855188599,0.010400864968987,52,"PLEKHO1/RPL4/RPL30/RPL12/RPL5/RPL11/RPL9/RPL17/RPL7A/RPL21/RPL34/RPL7/RPL32/RPL6/RPL18A/RPL10/RPL28/RPL39/RPL19/RPL24/RPL29/RPL35A/RPL36A/RPL10A/CD53/RPL23/RPL36/RPL38/RPL41/RPL31/RPL27/RPLP2/RPL18/RPLP0/RPL15/UBA52"
"Naive_T_TCF7_","muscle system process",1.69817937318793,0.010400864968987,177,"YY1/GRK2/APBB1/SETD3/FOXO1/ROCK1/TNFRSF1A/EEF2/SRF/GSTM2/PABPN1/CD38/RPL4/BIN1/GNAS/KCNH2/GAMT/RPL30/VPS54/RPL12/RPL5/DMPK/GSK3A/RPL11/P2RX4/RPL9/KCNQ1/HSP90AA1/RPL17/TPM2/CACNB1/RPL7A/RPL21/HDAC2/C12orf57/GSTO1/RPL34/RPL7/RPL32/SUMO1/RPL6/RPL18A/RPL10/SMAD7/PARP1/RPL28/RPL39/RPL19/STUB1/FKBP1A/RPL24/RPL29/GSN/RPL35A/RPL36A/RANGRF/RPL10A/CHUK/JUND/MAP2K1/AKAP9/RPL23/RPL36/RPL38/MYL6/PIK3CG/RPL41/MYH11/RPL31/EHD3/RPL27/ATP1A1/RPLP2/RPL18/TPM4/RPLP0/DLG1/RPL15/PPARA/CALM3/GLRX3"
"NK","circulatory system development",1.56589165023485,0.0108983182815748,365,"YY1/MBD2/HSPB1/MBD3/EMILIN2/DVL1/VEGFB/KIT/TPM1/AMOT/ERAP1/MICALL1/TRAF3IP2/HMOX1/S1PR1/PDCD4/SOX4/RAMP1/CHD7/NPHP3/CCNB1/ITGA5/FOXJ2/ZFPM1/HDAC5/PACSIN2/JMJD8/CDC42/BCOR/RRAS/KLF2/MAML1/HIPK2/SRF/NINJ1/CDKN1B/CCM2/KDM6B/UTY/PKNOX1/PLXNA4/QKI/PECAM1/CDKL1/ECE1/TBX1/MMRN1/RGCC/ANXA1/AKT1/BSG/RAPGEF2/MEF2B/HGS/STK11/RHOB/HIPK1/NACA/RBPJ/CUL7/GNAI2/AKT3/HLA-G/CXCR3/NFATC1/DVL2/ROCK2/PLXDC1/BMPR2/SPHK1/EFNA3/DUSP6/GSK3A/CACYBP/HIF1A/SMG9/EGLN1/THBS1/PKD1/AGGF1/KRAS/ELMO2/ZNF354C/SP1/STIM1/IGFBP7/PDPK1/TGFB1/PAXIP1/VGLL4/GAB1/ERBB2/ENG/ZNF304/REST/MICAL2/HMGB1/PPARD/NFATC2/PIK3CA/FOXO4/NOTCH2/NEK8/BRCA1/WNK1/TMEM204/DLL1/SLC12A2/RNH1/TNFSF12/PDLIM5/MEF2D"
"pDC","myoblast fusion",2.13096523652183,0.0116348566122718,51,"PLEKHO1/RPL7/RPL9/RPL24/RPL30/RPL12/RPL19/RPL23/RPL34/RPL32/RPL10/CD81/RPL27/RPL39/RPL18A/RPL17/RPL41/RPLP2/RPL11/RPL35A/RPL21/RPL7A/RPL36/RPL36A/UBA52/RPL8/RPL31/RPL37/RPL29"
"pDC","negative regulation of myoblast fusion",2.07232393572794,0.0116348566122718,45,"RPL7/RPL9/RPL24/RPL30/RPL12/RPL19/RPL23/RPL34/RPL32/RPL10/RPL27/RPL39/RPL18A/RPL17/RPL41/RPLP2/RPL11/RPL35A/RPL21/RPL7A/RPL36/RPL36A/UBA52/RPL8/RPL31/RPL37/RPL29/RPL5"
"Plasma_cells","myotube differentiation",1.88809005436644,0.0146641425522067,76,"RPL28/CD9/NOTCH1/RPLP2/RPL19/RPL11/RPL23/RPL10/RPL37/RPLP1/RPL9/RPL21/RPL7/CD81/RPL31/RPL36A/RPL30/PLEKHO1/RPL41/CD53/RPL36/RPL12/RBM38/HDAC5/RPL32/RPL35/RPL34/UBA52/RPL39"
"Mast_cells","developmental process involved in reproduction",1.72125632018483,0.0150510117891665,106,"RPL17/PSMB4/RPL12/RPL34/RPL36/GATA1/RPL4/RPL32/RPL14/RPL18/RPLP2/RPL31/RPL24/RPL9/RPL13A/RPL35A/RPL27/RPL28/PSMA3/RPL21/RPL10A/RPL37/PSMB6/RPL41/RPL11/RPL5/UBA52/RPL19/RPL30/RPL7/RPL35/RPL29/RPL18A/SMARCC1/RPL37A/PSMB2/SEPTIN2/RPL15/RPL6/STAU1/HADH/RPL38/TMED2/RPL23A/GPX4/PARP1/NCOA4/RPL13/RPL8/RPLP1"
"Naive_B","tube development",1.64761735721268,0.0182865919544465,274,"AKT1/HECA/VEGFB/PTPRJ/CTSZ/PTPN6/TLR9/GNAI2/HIPK2/ZNF358/CDC42/ADAM8/PKM/PRCP/PGK1/BSG/QKI/CYBB/SRF/CCM2/ITGB2/CSNK2B/ACTG1/ALOX5/SYK/JMJD8/HSPB1/ADIPOR2/VASP/ROCK2/HHEX/BAG6/EPN1/EHD4/PHF14/SIRT6/SCRIB/MTHFD1/MME/CAT/FUZ/PACSIN2/PDCD6/SKI/ECE1/DSP/MARCKS/DVL1/KRIT1/JUP/MTHFD1L/RAP1A/ATP5F1B/HGS/ENG/SSBP3/KDM2B/HK2/VAV2/RHOA/BASP1/CTNND1/ROCK1/MYH9/DEAF1/CD24/PRICKLE1/RNF213/FMNL3/TNFSF12/TGFB1/ERAP1/GLUL"
"pDC","myotube differentiation",1.97991097348819,0.020358187446764,59,"PLEKHO1/RPL7/RPL9/RPL24/RPL30/RPL12/RPL19/RPL23/RPL34/RPL32/RPL10/CD81/RPL27/RPL39/RPL18A/RPL17/RPL41/NACA/RPLP2/RPL11/RPL35A/RPL21/RPL7A/RPL36/RPL36A/UBA52/RPL8/RPL31/RPL37/RPL29"
"T_cells_unresolved","muscle system process",1.66081640941234,0.0213875932051286,156,"PABPN1/RPL21/RPL23/GRK2/GAA/RPL27/SMAD4/TPM1/RPL9/LTB4R/RPL34/JUND/RPL36A/NOTCH1/PPP1R12B/RPL35/RPL10A/BIN1/RPL31/FOXO1/RPL41/RPL17/DAPK3/RPL38/RPL35A/RPL23A/RPL13/C12orf57/RPL4/RANGRF/RPL37/PDGFRB/UBA52/RPL30/RPL13A/YY1/RPL18A/RPL36/SRF/RPL11/CAMK2D/RPL5/TMOD3/PIK3C2A/ENO1/AKAP9/RPL10/RPL12/RPL37A/RPL24/RPL28/TTN/RPL14/RPL29/FOXO3/CD38/RPL19/HSP90AA1/PROK2/RPL7A/RPL18/ARRB2/RPLP2/RPL7/RPL32/SMAD7/GNAS/CYBA/RPL15/NMUR1/CACNA2D2/VPS54/RPL39/PPP3CA"
"pDC","striated muscle cell differentiation",1.91368749027816,0.023035142721517,75,"YY1/PLEKHO1/RPL7/RPL9/TGFB1/RPL24/MTLN/RPL30/KAT2A/RPL12/RPL19/CACYBP/RPL23/RPL34/RPL32/RPL10/CD81/GSK3A/RPL27/RPL39/RPL18A/RPL17/RPL41/NACA/RPLP2/RPL11/RPL35A/RPL21/RPL7A/RPL36/RPL36A/UBA52/RPL8/RPL31"
"Activated_CD4_T","muscle structure development",1.62234449583509,0.0239549098861912,262,"YY1/PLEKHO1/PDLIM2/UNC45A/SEMA4C/KAT2A/HDGFL2/ACTN1/ZFPM1/ZNF609/HDAC5/MTLN/FLII/ID3/SMARCC2/PAXBP1/MRTFA/VRK3/MYH11/RBM38/PIEZO1/NEURL1/SIRT1/SMARCA4/TMEM182/PDLIM1/RPL12/QKI/TGFB1/S1PR1/CDK9/RCAN1/MAML1/GSK3A/NOG/BIN1/PTBP1/OLFM2/TPM1/TOMM70/SMAD4/SMARCC1/AKIRIN1/BRD7/TCF7L2/ZBED6/MEF2B/DAG1/PDCD4/USP19/COL6A3/CHRNB1/OBSCN/EID2/EEF2/ACTN4/ARID1A/PHF10/REST/KDM1A/CAMK1/SMARCA2/S100B/RPL5/NFATC1/ACVR1/RPL36/RPL30/CD164/RPL9/TMOD2/SFMBT1/CTNNB1/RPL36A/RPL11/RPL7/CASP7/RPL21/RPL4/SRF/ZFP36L1/SMARCE1/RPL28/RPLP2/KMT5B/ZNHIT1/RPL23/NACA/DOCK2/MEF2D/RPL41/CACYBP/PLCB1/RPL38/RPL34/XKR8/PRR14/CD81/FOXK1/FXR1/ASB2/SELENON/EHMT1"
"Naive_T_TCF7_","striated muscle cell differentiation",1.79980515760412,0.0242080358153213,113,"YY1/PLEKHO1/CD9/HDAC5/WDR1/RPL4/RPL30/RPL12/RPL5/DMPK/SKI/ATP11A/GSK3A/RPL11/RPL9/MTLN/RPL17/SELENON/OBSCN/RPL7A/CSRP1/RPL21/NACA/RBM38/RPL34/RPL7/RPL32/RPL6/RPL18A/TGFB1/CD81/RPL10/KAT2A/RPL28/RPL39/RPL19/RPL24/RPL29/RPL35A/RPL36A/RPL10A/CHUK/CD53/RPL23/RPL36/RPL38/RPL41/COL6A1/MYH11/MAML1/RPL31/RPL27/RPLP2/NEURL2/RPL18/RPLP0/RPL15/PPARA"
"Naive_T_TCF7_","embryo development",1.60987559525811,0.0242080358153213,245,"ZNF358/YY1/MBD2/LFNG/ID3/DVL1/MBD3/HIPK2/STOX1/ITGB2/SEMA4C/HDAC1/SEPTIN7/BAG6/SOX8/NOG/NLRP2/ROCK1/FUT8/KMT2A/SRF/TPRN/FURIN/LEO1/ATP6AP2/NPHP3/PPP1R35/PBX3/BAP1/VPS54/LRP6/SKI/DVL2/UBR3/ZNF281/TCOF1/KCNQ1/YBX1/POGLUT1/NR2C2/XYLT1/HOXB4/SMAD1/DEAF1/RARG/SSBP3/KDM2B/TFPT/PLCB1/CTNNB1/HSCB/HDAC2/CHD7/ZNF568/ACTR8/MCRS1/CDC42/TGFBR1/PKD2/TGFB1/PKD1/RACK1/CREBBP/RPL10/HDAC3/TET1/REST/ZBED3/BRD3/KAT2A/HIPK1"
"Plasma_cells","striated muscle cell differentiation",1.76852410410582,0.0250124708627162,117,"MTLN/RPL28/CD9/RGS2/NOTCH1/RPLP2/TGFB1/RPL19/RPL11/YY1/RPL23/RPL10/RPL37/RPLP1/RPL9/RPL21/RPL7/CD81/RPL31/RPL36A/FLII/RPL30/PLEKHO1/RPL41/CD53/RPL36/RPL12/RBM38/FOXP1/ACVR1/KDM6B/HDAC5/RPL32/RPL35/RPL34/UBA52/TOMM70/RPL39"
"Naive_B","circulatory system development",1.49865748867184,0.0255988503915789,332,"MBD2/PTEN/AKT1/VEGFB/PTPRJ/GSK3A/LYL1/PTPN6/GNAI2/HIPK2/G6PD/CDC42/ADAM8/FES/PKM/PRCP/PGK1/BSG/QKI/CYBB/SRF/CCM2/ITGB2/ACTG1/ALOX5/SYK/JMJD8/HSPB1/ADIPOR2/ROCK2/HHEX/EPN1/EHD4/SIRT6/NCOA6/SMG9/VGLL4/MTHFD1/SMYD2/PDLIM1/YY1/ADAP2/KAT2A/PACSIN2/DUSP6/PDCD6/SKI/ECE1/DSP/PDLIM2/DVL1/KRIT1/JUP/RAP1A/ATP5F1B/HGS/ENG/HECTD1/HK2/VAV2/RHOA/BASP1/CTNND1/ROCK1/MYH9/STK11/PRICKLE1/RNF213/FMNL3/TNFSF12/TGFB1/ERAP1/GLUL/GTF2I/PECAM1/ZFPM1/TOMM70/NFATC1/KAT2B/RNH1/SOX4/RTN4/KRAS/PDCD4/PRMT1"
"NK","embryonic morphogenesis",1.76734432428404,0.0258533575165751,113,"ZNF358/DVL1/KIF16B/TPRN/BRD3/CHD7/NPHP3/ITGA5/NECTIN1/ZNF568/YBX1/HIPK2/CREBBP/SRF/KDM6B/ECE1/RARG/TBX1/PPP1R35/UGDH/DEAF1/HIPK1/DVL2/ROCK2/LEO1/BMPR2/CTR9/KDM2B/MYADM/APOA1/TGFB1/C2orf49/PAF1/ENG/REST/MICAL2/NOTCH2/HOXB4/WNK1/SEMA4C/DLL1"
"Naive_B","anatomical structure formation involved in morphogenesis",1.45987546676612,0.0287964920481144,360,"LFNG/AKT1/VEGFB/PTPRJ/PTPN6/GNAI2/HIPK2/TMOD3/PLEKHO1/ADAM8/PKM/PRCP/PGK1/FURIN/BSG/QKI/ADAM9/CYBB/SRF/GNAS/CCM2/ITGB2/SOCS7/ACTG1/ALOX5/SYK/JMJD8/HSPB1/ADIPOR2/RELT/CD81/VASP/ROCK2/HHEX/TIGD5/FLII/EPN1/EHD4/OBSCN/SIRT6/SCRIB/MTHFD1/HDAC1/RPL7/FUZ/PACSIN2/CASP3/AHDC1/PDCD6/SKI/KRIT1/JUP/MTHFD1L/ATP5F1B/HGS/ENG/SSBP3/KDM2B/HK2/VAV2/SH3PXD2A/RHOA/MYL9/CTNND1/TCOF1/ROCK1/MIOS/MYH9/TPM4/DEAF1/PRICKLE1/TAF10/RNF213/RPL36A/KLHL12/FMNL3/TNFSF12/TGFB1/ERAP1/GLUL"
"CD14_CD163_macrophage","muscle system process",1.62922603347067,0.0304778725155964,173,"TPM1/RPL36/GSTM2/PABPN1/RPL27/RPL17/AKAP9/RPL32/RPL10A/GNAS/RPL24/RPL11/RPL30/RPL4/RPL12/GAA/RPL34/RPL9/YY1/FOXO1/GSN/RPL36A/RPL18A/VPS54/RPL21/CACNA2D4/ARHGEF11/LTB4R/GAMT/PRKACA/IL6ST/RPL19/RPL5/RPL10/RPL38/UBA52/RPL28/RPL35A/RPL18/RPL23/RPL29/RPL39/TNNI2/RPL41/RPL14/RPLP1/RPL15/PIK3CA/RPLP2/SNTB1/GRK2/RPL37/RPL31/RPL7/MAP2K1/SRF/RPL13"
"Platelets","regulation of myoblast fusion",2.1476533684757,0.0306972708929481,51,"PLEKHO1/RPL7/RPL36/RPL36A/MAPK14/RPL17/UBA52/RPL27/EHD1/RPL24/RPL34/RPL9/RPL41/RPL21/RPL31/RPL12/RPL35A/RPL38/RPL18/RPL39/RPL30/RPL28/RPL23/RPL4/RPL10A/RPL7A/RPL37/RPLP2/RPL19/RPL15/RPL32"
"Platelets","negative regulation of myoblast fusion",2.13956954343934,0.0306972708929481,45,"RPL7/RPL36/RPL36A/RPL17/UBA52/RPL27/RPL24/RPL34/RPL9/RPL41/RPL21/RPL31/RPL12/RPL35A/RPL38/RPL18/RPL39/RPL30/RPL28/RPL23/RPL4/RPL10A/RPL7A/RPL37/RPLP2/RPL19/RPL15/RPL32"
"Platelets","myoblast fusion",2.12711166386238,0.0306972708929481,56,"PLEKHO1/RPL7/RPL36/RPL36A/MAPK14/RPL17/UBA52/CD81/RPL27/EHD1/RPL24/RPL34/RPL9/RPL41/RPL21/RPL31/RPL12/RPL35A/RPL38/RPL18/RPL39/RPL30/RPL28/RPL23/RPL4/RPL10A/RPL7A/RPL37/RPLP2/RPL19/RPL15/RPL32"
"Memory_atypical_B","cardiac muscle tissue development",1.94647144342138,0.0310701905542992,55,"MBD2/FES/ZFPM1/DSP/FOXP1/GSK3A/TOMM70/ENG/MBD3/YY1/ARRB2/TGFB1/G6PD/HOPX/FKBP1A/PDLIM5/S1PR1/MAML1/TTN/KAT2A/KRAS/NOTCH1"
"CD1C_DC","regulation of myoblast fusion",1.87143213980865,0.0336171983306531,51,"CAPN2/RPL27/RPL23A/RPL36/RPLP2/RPL12/RPLP0/UBA52/RPL21/RPL31/RPL24/RPL5/RPL9/RPL23/RPLP1/RPL36A/PLEKHO1/RPL41/RPL7/RPL32/RPL17"
"CD14_CD163_macrophage","respiratory tube development",2.06163802203145,0.035186386849367,18,"HECA/CEBPA/NPHP3/SREBF1/CDC42/CRISPLD2/SRSF6/PKD1/PHF14/BAG6/CTSZ"
"CD1C_DC","myoblast fusion",1.87188599931166,0.0353552453930703,56,"CAPN2/CD81/CD9/RPL27/RPL23A/RPL36/RPLP2/RPL12/RPLP0/UBA52/RPL21/RPL31/RPL24/RPL5/RPL9/RPL23/RPLP1/RPL36A/PLEKHO1/RPL41/RPL7/RPL32"
"Memory_atypical_B","regulation of muscle system process",1.76500158456125,0.0356067884874185,75,"GRK2/DSP/FOXO1/CAMK2D/FOXP1/GSK3A/TOMM70/ADRB2/YY1/GNAS/JUP/ARRB2/PRKACA/JUND/ENO1/BIN1/G6PD/FKBP1A/C12orf57/ROCK2/SUMO1/NOTCH1/DAG1/SRI/PARP1/GSTO1"
"Memory_atypical_B","positive regulation of cell development",1.61556531531134,0.0356067884874185,190,"BRD4/FES/IL2RG/VSIR/SPI1/LGALS9/SYK/BTK/ZMIZ1/SEMA7A/QKI/GDI1/JUP/RUFY3/EP300/TRPV2/LIMK1/TWF2/TGFB1/PNP/IL2RB/LILRB4/HLA-DRB1/HCLS1/LYN/BIN1/FXR2/ARID1A/SOX4/CLCF1/ANAPC2/SRRT/PBRM1/CORO1C/PIK3R6/SMARCC2/ADAM8/SNW1/SIRT2/ZAP70/SMARCB1/FMR1/PCID2/CX3CR1/ANXA1/SOX12/TYROBP/HLA-DRA/NOTCH1/IL4R/DAG1/VIM/ACTB/SMARCE1/BMPR2/LEF1/SPINT1/CD74/ACIN1/PRKCH/ANKRD27/RHOA/METRN/PAK1/PPP1CC/FADD/FXR1/ZBTB7B/TESPA1/ID2/DDRGK1/SMARCD2/NKAP"
"CD1C_DC","muscle contraction",1.67371385858986,0.0358283726147339,118,"GNAS/GSN/MYL6/RPL27/ENO1/RPL23A/RPL36/FKBP1A/GAA/MYL6B/RPLP2/SRI/RPL12/TNNI2/RPLP0/BIN1/CAMK2D/PABPN1/LTB4R/PRKACA/ADRB2/UBA52/RPL21/RPL31/RPL24/SLMAP/RPL5/RPL9/RPL23/RPLP1/ATP2B4/RPL36A/RANGRF/FLNA/RPL41/ARHGEF11/RPL7/RPL32/EMD/RPL17/RAP1GDS1/C12orf57/RYR1/ATP1A1/RPL14/RPL34/RPL10A/HSP90AA1/HSBP1/KCNE3/CD38/EEF2"
"CD14_CD163_macrophage","respiratory system development",1.9617291288345,0.0440365266653212,20,"CEBPA/NPHP3/SREBF1/CDC42/SKI/CRISPLD2/SRSF6/PKD1/PHF14/BAG6/CTSZ"
